Date,raw,rm,w7
2015-01-02,,,
2015-01-05,,,
2015-01-06,,,
2015-01-07,,,
2015-01-08,,,
2015-01-09,,,
2015-01-12,,,
2015-01-13,,,
2015-01-14,,,
2015-01-15,,,
2015-01-16,,,
2015-01-20,,,
2015-01-21,,,
2015-01-22,,,
2015-01-23,,,
2015-01-26,,,
2015-01-27,,,
2015-01-28,,,
2015-01-29,,,
2015-01-30,,,
2015-02-02,,,
2015-02-03,,,
2015-02-04,,,
2015-02-05,,,
2015-02-06,,,
2015-02-09,,,
2015-02-10,,,
2015-02-11,,,
2015-02-12,,,
2015-02-13,,,
2015-02-17,,,
2015-02-18,,,
2015-02-19,,,
2015-02-20,,,
2015-02-23,,,
2015-02-24,,,
2015-02-25,,,
2015-02-26,,,
2015-02-27,,,
2015-03-02,,,
2015-03-03,,,
2015-03-04,,,
2015-03-05,,,
2015-03-06,,,
2015-03-09,,,
2015-03-10,,,
2015-03-11,,,
2015-03-12,,,
2015-03-13,,,
2015-03-16,,,
2015-03-17,,,
2015-03-18,,,
2015-03-19,,,
2015-03-20,,,
2015-03-23,,,
2015-03-24,,,
2015-03-25,,,
2015-03-26,,,
2015-03-27,,,
2015-03-30,,,
2015-03-31,,,
2015-04-01,,,
2015-04-02,,,
2015-04-06,,,
2015-04-07,,,
2015-04-08,,,
2015-04-09,,,
2015-04-10,,,
2015-04-13,,,
2015-04-14,,,
2015-04-15,,,
2015-04-16,,,
2015-04-17,,,
2015-04-20,,,
2015-04-21,,,
2015-04-22,,,
2015-04-23,,,
2015-04-24,,,
2015-04-27,,,
2015-04-28,,,
2015-04-29,,,
2015-04-30,,,
2015-05-01,,,
2015-05-04,,,
2015-05-05,,,
2015-05-06,,,
2015-05-07,,,0.001981744273999392
2015-05-08,,,3.7423968461493825e-05
2015-05-11,,,-0.0001786872230365233
2015-05-12,,,0.002262190164298761
2015-05-13,,,-0.0007983313289876828
2015-05-14,,,0.002825121668013129
2015-05-15,,,0.00020363438099824644
2015-05-18,,,0.0021834478302269937
2015-05-19,,,0.0007909169286818389
2015-05-20,,,0.0002595137126121856
2015-05-21,,,0.0011013117843116792
2015-05-22,,,0.0019482658662017649
2015-05-26,,,-0.0002601301354644887
2015-05-27,,,0.0014421488352252152
2015-05-28,,,0.0016414877120331807
2015-05-29,,,0.0020068656350060218
2015-06-01,,,-6.99235305505619e-05
2015-06-02,,,-0.001893691251117951
2015-06-03,,,0.0004834683948330982
2015-06-04,,,-0.0008371602550718426
2015-06-05,,,0.0030654041847069623
2015-06-08,,,-0.0003927378473982273
2015-06-09,,,0.0010413474651425685
2015-06-10,,,0.0021143722563217024
2015-06-11,,,-0.0006072300369022056
2015-06-12,,,-0.0005816647939597881
2015-06-15,,,0.004196725842647708
2015-06-16,,,0.0009759979155299702
2015-06-17,,,-0.0007636316334996158
2015-06-18,,,0.0014357703690111919
2015-06-19,,,0.00046934578420911694
2015-06-22,,,0.0011604190814157637
2015-06-23,,,0.0019152010409379144
2015-06-24,,,-0.0008034597644073079
2015-06-25,,,0.0038059832023019362
2015-06-26,,,0.0016604764729028837
2015-06-29,,,0.0004997881439066317
2015-06-30,,,0.0011984461341101695
2015-07-01,,,0.0004841404760644517
2015-07-02,,,-0.002260934629300446
2015-07-06,,,0.0018821821781388726
2015-07-07,,,-0.0009531307220087272
2015-07-08,0.00020622471904394154,0.0006269761842849722,0.00020622471904394154
2015-07-09,0.002939053026747984,0.002750407350739741,0.002939053026747984
2015-07-10,0.002726276288821313,0.00250958657865008,0.002726276288821313
2015-07-13,-0.0005439131843875718,-0.0005791568024259687,-0.0005439131843875718
2015-07-14,0.0009538242362600944,0.0009074190445679416,0.0009538242362600944
2015-07-15,0.0005596492958223183,4.9396575820178797e-05,0.0005596492958223183
2015-07-16,0.0070445663031092655,0.006409184219736607,0.0070445663031092655
2015-07-17,0.0014511854962943396,0.0012343235060876016,0.0014511854962943396
2015-07-20,0.0012799494129155725,0.0012560644393175564,0.0012799494129155725
2015-07-21,-0.0011984150414500023,-0.001217354727892827,-0.0011984150414500023
2015-07-22,-0.000343574636597083,-9.353815020726321e-05,-0.000343574636597083
2015-07-23,0.0019283914500986985,0.0020702786338234287,0.0019283914500986985
2015-07-24,0.00240748249624512,0.0027053936760819673,0.00240748249624512
2015-07-27,-0.005779109668882603,-0.005091216656028748,-0.005779109668882603
2015-07-28,-0.0035802793181557734,-0.004048436165350963,-0.0035802793181557734
2015-07-29,-0.0026276957106506106,-0.002123452300320957,-0.0026276957106506106
2015-07-30,0.0026296456202402926,0.0025503145149208947,0.0026296456202402926
2015-07-31,0.0028178001236306947,0.0029929671204698425,0.0028178001236306947
2015-08-03,-0.0024506215896580104,-0.0022962799115090137,-0.0024506215896580104
2015-08-04,0.0036761101975904017,0.003570605809387764,0.0036761101975904017
2015-08-05,0.002447420400750814,0.0018445409214022004,0.002447420400750814
2015-08-06,-0.006351655701832656,-0.005759428387917191,-0.006068701903964849
2015-08-07,-0.0011352951369225524,-0.0013567456920581954,-0.000889557930281928
2015-08-10,-0.0017972046234234196,-0.002348172786599711,-0.0009078948497190949
2015-08-11,0.0007123307593324214,0.000793022372647118,0.00020003000940747604
2015-08-12,-0.002996085932827748,-0.0033141574690388554,-0.0036657871479439637
2015-08-13,0.004304419921026197,0.00398824181784829,0.0038965000138110723
2015-08-14,0.0018833401319628012,0.0020686694250329762,0.0018772957740307524
2015-08-17,0.0030047035635507946,0.002249457908399142,0.0030914050653547314
2015-08-18,0.0021738883814017137,0.0028613814910853183,0.001958954355574873
2015-08-19,0.0024956738857256568,0.002555255832250588,0.0019720223399246266
2015-08-20,-0.006420656149015521,-0.0050386446094107425,-0.0071477446614332035
2015-08-21,-0.0058359245380832266,-0.005764906566207939,-0.00688591545702174
2015-08-24,-0.004507938351324277,-0.004524932508174313,-0.005141254420146888
2015-08-25,0.008087827767062643,0.00758078554554755,0.007991632012487374
2015-08-26,0.005152460262745149,0.004630648371814938,0.005572811385924
2015-08-27,5.4617870652032765e-05,-0.00044137763481704074,0.001237228662013764
2015-08-28,-0.002532458306216978,-0.0025868435835730867,-0.0027148419125948863
2015-08-31,-0.0056496212853449435,-0.005119554357732796,-0.003926090014973242
2015-09-01,-0.0007177531641883751,-0.000361637647515127,-0.00184850364465344
2015-09-02,0.003185220866714529,0.0028049217651264927,0.003000059894708522
2015-09-03,-0.0033604164617079876,-0.002748916394324207,-0.00319183694350153
2015-09-04,0.0012996648629138052,0.0013603749898572156,0.0006340314039982018
2015-09-08,0.0014449941058339124,9.56965210769251e-05,0.0013869547347774857
2015-09-09,0.0019375969814828065,0.0019664943145936637,0.0019134996133236923
2015-09-10,0.0024818813536254336,0.0020122103207338825,0.0022855236852162295
2015-09-11,0.002388637796286964,0.0027771548177263536,0.001222005564178013
2015-09-14,0.001222774909532883,0.00026657943196490517,0.0013080213695156717
2015-09-15,0.0005893702923403452,0.0007914199405091178,0.0006463530126134247
2015-09-16,-0.0020584989180748,-0.0017041016355431216,-0.0018215467235924673
2015-09-17,0.00539252190258652,0.005414809805301599,0.004912432739328186
2015-09-18,0.0029760360682534594,0.003254142898940421,0.0019795556363883695
2015-09-21,5.183159554962231e-05,0.00048585064607799413,-0.00034629891654297724
2015-09-22,0.001994083160512168,0.0022504834246735712,0.0018835437778383592
2015-09-23,0.005651519190508451,0.005588260465661318,0.004963293522781649
2015-09-24,-0.0006844484680575512,-0.0007230604253698154,-0.000816720026743259
2015-09-25,-0.005771838922293099,-0.005989786304042038,-0.004762096992784993
2015-09-28,-0.007622674531973568,-0.0072674061255732746,-0.006838991347521164
2015-09-29,-0.004808458572214393,-0.0047694693779338285,-0.004430756812642775
2015-09-30,0.0026541312551700163,0.0026178695435690458,0.0020868215870213287
2015-10-01,0.004958897793928142,0.005025751237481668,0.004275777586817053
2015-10-02,-0.0022209533156153805,-0.001944229480804535,-0.0032950965269911286
2015-10-05,-0.006470906243483604,-0.006495511106717709,-0.005144393962903873
2015-10-06,-0.009391706549900382,-0.008606536596843743,-0.008525576731371014
2015-10-07,-0.003024681826904936,-0.0028029612141503043,-0.0029450629948595745
2015-10-08,-0.004440701380677817,-0.0035651646366871314,-0.003962623241248601
2015-10-09,0.004376458165901629,0.00440744605985871,0.001924113686661465
2015-10-12,0.004379731603582323,0.004123853940701804,0.0035017506792388207
2015-10-13,0.0009452649520876844,0.0010956191105783069,-7.044370241170587e-05
2015-10-14,-0.0022628537931161244,-0.002417952152001298,-0.0011737713866924106
2015-10-15,0.0016420737887215086,0.001522393692450146,0.0010821788533049146
2015-10-16,0.002753521136979513,0.0028848053104451967,0.0033572024146599575
2015-10-19,0.003251401002734383,0.0035637405977072814,0.002491068705216466
2015-10-20,-0.004659194458459243,-0.004357683185916865,-0.005117294265983457
2015-10-21,-0.0065870670184946245,-0.00619392896350035,-0.005945674627832362
2015-10-22,-0.0038341930293232557,-0.004282243832221688,-0.005762321287570278
2015-10-23,0.00039376561352073153,0.00042672015562024413,0.0005668307694826148
2015-10-26,0.006508775999309811,0.0066375257227564745,0.008175866502516503
2015-10-27,0.004691338522551223,0.004808295193478303,0.0016361305060549963
2015-10-28,-0.0008582408492413371,-0.001036827535822844,-0.0023135848704576197
2015-10-29,-0.003305933182962594,-0.0032037865656309337,-0.0018758832048703011
2015-10-30,-0.000976995293543906,-0.000776022085387494,-0.00015907507121322412
2015-11-02,-0.003740043545708047,-0.003569241355918972,-0.0028528165148465788
2015-11-03,-0.004564918934601369,-0.004279924598906784,-0.00471411634360613
2015-11-04,0.0025022486605946583,0.0015693282618801088,0.004162790066072192
2015-11-05,0.005182898992046531,0.005100891563464473,0.004944108966112751
2015-11-06,0.0020172480529869756,0.0010681082717601041,0.0006571834755740486
2015-11-09,-0.00018062131805556575,2.518074238355618e-05,-0.0007058270480398274
2015-11-10,0.002321738350489727,0.002530408349176141,0.0031805983923382684
2015-11-11,0.0008975854582489022,0.0011587758074126928,0.002562675650620083
2015-11-12,0.002661658659296606,0.0024238899282140484,0.0017458745652502805
2015-11-13,-0.006881524534354118,-0.006626945547718586,-0.006494770497337263
2015-11-16,6.105764981910432e-05,-0.00013822403198708103,-6.461085637682062e-05
2015-11-17,0.0025407841894700255,0.002415110881798017,0.0015326160894627448
2015-11-18,0.0020250297236144655,0.0016118193702110734,0.001583528381779284
2015-11-19,-0.00270070073665325,-0.0026736789517104796,0.0007851813862063145
2015-11-20,0.00517027059478892,0.005176152219233928,0.0034101310216874616
2015-11-23,0.0011681500997715807,0.0017535550464367552,0.0010296032175065649
2015-11-24,-0.001297625018412912,-0.0018517551522140435,-0.003654878613930342
2015-11-25,-0.00011682269655984371,-0.00020569809825478707,-0.0005741318501675173
2015-11-27,0.001507087427578084,0.0012383605810353743,0.0016597232853442518
2015-11-30,-0.0037189782454183093,-0.004018675616520545,-0.004272664371302374
2015-12-01,0.0020196270498118204,0.0016584869980353265,0.0014785378913463399
2015-12-02,0.004659620900558997,0.004417523369485416,0.004173755501115345
2015-12-03,0.0014564495891498989,0.0010283484360829075,0.000950906811831891
2015-12-04,0.0053734407143972256,0.005222652040604175,0.005055968903521589
2015-12-07,-0.0009275863615544189,-0.00042583507200797955,0.0008087334975833644
2015-12-08,0.006681376923668769,0.006543039922194798,0.007802069049331399
2015-12-09,-0.004898448109937262,-0.004826366757128889,-0.004343833664636126
2015-12-10,-9.853837032226325e-05,-0.00014158403387532176,-0.000570825263216748
2015-12-11,-0.0013143168633869152,-0.0010606114499962318,0.00033799421178357737
2015-12-14,0.0024135210322536356,0.002699719342639734,0.002568063803765641
2015-12-15,-0.002689858585239985,-0.0030294461704317337,-0.0024932044217739363
2015-12-16,0.000888807777965445,0.00120733700134516,0.0006240558666355571
2015-12-17,0.002621923793878282,0.0022855457818827837,0.003331429631162389
2015-12-18,-0.002316285151243254,-0.0024639338538507993,-0.0013334547652507176
2015-12-21,-0.0008768796050616436,-0.001022460334593419,-0.0006660164203057011
2015-12-22,-0.004571047314722401,-0.004091265154072362,-0.0025065061089628777
2015-12-23,-0.004053164141259987,-0.0038911280564750766,-0.0039682587178261775
2015-12-24,-0.0009238925990583716,-0.0010408277663064697,-0.00026743322227130344
2015-12-28,0.003262852933539848,0.003281952937475852,0.004201944275917958
2015-12-29,0.0012859503718051675,0.0007710345603518064,0.00012059531414890232
2015-12-30,-7.038847334543932e-05,3.5816929164270295e-05,0.0003987590221656963
2015-12-31,-0.0011132728950969562,-0.0012272763957560308,-0.0014780320441916354
2016-01-04,-0.007322164938251273,-0.006451283117087575,-0.005440429394367716
2016-01-05,-0.0016721921200020043,-0.0008398274451461263,0.0013000323427441267
2016-01-06,0.0051851659884273255,0.005122596973801694,0.004491988810297447
2016-01-07,-0.0031265162227465232,-0.0030898140826660704,-0.002164317814264986
2016-01-08,0.00046819777753641986,0.00096192543786904,0.0004289446904706219
2016-01-11,0.001638612863141989,0.0027979162223663247,0.007011089571714689
2016-01-12,0.0019846024750327434,0.002064420342189708,0.0008098121847206648
2016-01-13,-0.0054011097998747605,-0.0043861380952386385,-0.0017791266060977408
2016-01-14,0.0004954424416354476,-0.0002170569116937715,-0.0039573470470555695
2016-01-15,0.001452585957857643,0.0016300923831495048,2.398473405730855e-05
2016-01-19,0.003051534407342746,0.0032352504427511208,0.0047327868650573444
2016-01-20,0.005979582533228342,0.004521774763316951,0.0018329283808308223
2016-01-21,-0.006588737152024242,-0.005428489252955558,-0.001091619893219783
2016-01-22,0.0029211508212154346,0.0026902871718803563,0.0014862477085783056
2016-01-25,0.002796108542235877,0.0031919330310891166,0.006966566975045366
2016-01-26,-0.00684780993479635,-0.0066159782204425355,-0.005432979137852287
2016-01-27,-0.00404118358003827,-0.0029636637885194746,-0.0012869625256874346
2016-01-28,0.004162550676262258,0.005360980949657998,0.006917301470588943
2016-01-29,-0.002695986962424415,-0.002483301854287175,-0.001982540458323536
2016-02-01,0.001700492879450049,0.0014610151929987793,0.0010465149871470676
2016-02-02,0.002067679857819433,0.003507011747021812,0.003978541026588566
2016-02-03,-0.012470867724731603,-0.013071633791561437,-0.011283559442160964
2016-02-04,-0.009316293616274209,-0.009752493220951685,-0.008340792934712864
2016-02-05,-0.014187988150162905,-0.011777172996095481,-0.010527927202810471
2016-02-08,-0.007217579143070175,-0.004772906818278327,-0.0028683015110802994
2016-02-09,0.005161410326192125,0.004912064335016565,0.0032941233738204064
2016-02-10,0.007703517801513297,0.007202118616098491,0.007258371354978072
2016-02-11,0.004516389413288944,0.003964712427799935,0.003201385025363106
2016-02-12,-0.00660088665666206,-0.006402540953645317,-0.0070442564072165665
2016-02-16,-0.0022378099315320415,-0.0021600014540605166,-0.0038793623220578616
2016-02-17,1.8022127035736475e-06,-0.0004891854863798031,-0.002646706895125833
2016-02-18,-0.0008189931664828987,-0.0008654838181529064,0.0034654853413089207
2016-02-19,0.0005963730086010143,0.0006075871902154963,0.0015162876602978301
2016-02-22,-0.0007537710041372424,-0.0005099007055661376,-0.0013913426055961982
2016-02-23,0.0066227014536824145,0.006088273266195704,0.006941829438036803
2016-02-24,-0.000794715672810448,-0.0005790300567472871,0.0002309194897844561
2016-02-25,0.003495833483549333,0.002725016099559351,-0.002094220882932935
2016-02-26,-0.0030343307025575473,-0.0033403020904952383,-0.005393175890111996
2016-02-29,-0.000868525172704889,-0.0006564049364731202,0.0013347581066731774
2016-03-01,-0.003068821534235883,-0.0027204472266519945,-0.0045812859048502096
2016-03-02,-0.004447441177484104,-0.0037950877067706836,-0.0020946880648978167
2016-03-03,-0.0035841851148969597,-0.003690979288588504,-0.0026817569870714103
2016-03-04,-0.0016643333622714258,-0.002246301703897346,-0.0019818863969223027
2016-03-07,-0.008106016737856717,-0.007526424884589649,-0.003707530188179121
2016-03-08,0.008455671459948565,0.008206405622685618,0.006519217709971969
2016-03-09,0.0005383037161271927,0.00018956952180593513,0.0022707144421942856
2016-03-10,0.0003658467422636726,0.00028247507517807863,0.0018534932437304658
2016-03-11,-0.00888978419308042,-0.00790141696026728,-0.006823978024051996
2016-03-14,0.0016699705189501537,0.0024253079434644904,0.003184981580474505
2016-03-15,0.004433048497492378,0.0037772159158599617,0.003560018970878304
2016-03-16,0.0007170962376477345,0.0008511669203411968,0.0023959711195046013
2016-03-17,-0.0051730901891888096,-0.004498838850817821,0.0008953793500518484
2016-03-18,-0.004839846719866572,-0.004607970397142013,-0.004184800469676166
2016-03-21,-0.000667073860818701,-0.0007775957188744033,-0.002173147272712768
2016-03-22,-0.00040073923393616596,-0.0002979256172252371,-0.0013660546535592135
2016-03-23,0.008997486714521179,0.008538493297648553,0.007341821621081825
2016-03-24,0.00021449221545670255,0.0005750580743217818,0.0010696124904178564
2016-03-28,0.003068412548896896,0.002850126998479652,0.002226014529334669
2016-03-29,0.003469454722009585,0.0031296245826418225,0.003052930911740792
2016-03-30,0.0005216895227852049,0.00026011848248884287,0.0017280721160016007
2016-03-31,-0.0014240093560134017,-0.001210169508264702,-0.0015468938958080065
2016-04-01,0.0001473795547858665,0.00012752793201057226,-0.003945016022349815
2016-04-04,-0.0019995202199221238,-0.0013477813988415064,-0.0030768892240446337
2016-04-05,0.00030689929950518917,0.0007251760317498845,0.00015601926414837952
2016-04-06,-0.0027059510544736715,-0.0027970167825533375,-0.005046286576545954
2016-04-07,0.0024042134525736935,0.0031733984740141673,0.0034070075119103736
2016-04-08,-0.0012870324928660288,-0.0014998656830817482,0.0015393091285203395
2016-04-11,-0.0019467858230150822,-0.00210430204435743,-0.00019714231836712824
2016-04-12,-0.0014600956688331733,-0.0019691450671629326,-0.001574718763813512
2016-04-13,-0.008795868734272728,-0.0097459108087263,-0.009346939416908123
2016-04-14,-0.001909083533316624,-0.0017013513498772793,-0.0013557382046129173
2016-04-15,0.0037900973337134324,0.003908129976515928,0.0026874814177147593
2016-04-18,-0.0014396737952628406,-0.00121704432432173,-0.0012593170079907897
2016-04-19,-0.006895926178477658,-0.005033629031472898,-0.0020545739493971773
2016-04-20,-0.003865054998110809,-0.005212837919466843,-0.005151835723841146
2016-04-21,-0.007805565443003303,-0.00775775398298338,-0.008998613118504974
2016-04-22,0.004679130487528815,1.3881516398577353e-06,0.006773985932537436
2016-04-25,0.0005791333996534007,0.002874530695537062,-0.0004708265364945989
2016-04-26,-0.003296399914609377,-0.003903970032071772,-0.0011257627598199203
2016-04-27,0.0017778916799589934,0.001968723336619427,0.0037332392042593748
2016-04-28,0.0020902614989805842,0.0029811990921793942,0.00019986396194759964
2016-04-29,0.009116176793149508,0.009316374185602952,0.006054533476553125
2016-05-02,0.0044888129204551895,0.0033420950527152196,0.0017545922835753112
2016-05-03,0.0025782464496766897,0.0036038891705782493,0.001771471193413699
2016-05-04,0.006716707215351357,0.007133199726939544,0.00567444316252259
2016-05-05,-0.0017280392821196955,-0.0012962181838783741,-0.00024985885817638525
2016-05-06,0.0032180956108283434,0.002592009930114838,0.002900516151561495
2016-05-09,0.002361488892892959,0.002941776348899728,0.0005341177655403705
2016-05-10,-0.0023948963134987917,-0.0025319432871052324,-0.002988176163454197
2016-05-11,0.0009195014458037021,0.0007431083488045679,0.004173801009093732
2016-05-12,0.005506715051859541,0.0062016172286142495,0.004102242678778818
2016-05-13,0.004997287476144587,0.004061354961572649,0.004025824696899442
2016-05-16,-0.002192213323345989,-0.002606562630260925,-0.0014008370539472478
2016-05-17,-0.002134655363454987,-0.0023579756575637886,-0.00184022266929491
2016-05-18,-0.005700548833342974,-0.00700245352672795,-0.004698601212700505
2016-05-19,0.0020771531749740877,0.0026175055970799697,0.0017285023479775
2016-05-20,-0.0025414400448730825,-0.003813307272989557,0.0009660876480476191
2016-05-23,-0.0013686166867599506,-0.0020275837820315913,-0.0004119913452798047
2016-05-24,0.0005361340320544878,-0.00022605965941376233,0.00026798779180454226
2016-05-25,-0.0056726553201886356,-0.0060015265766727366,-0.0018191543493405037
2016-05-26,0.00257992122412965,0.002332139040878178,0.0016459194594591164
2016-05-27,0.0013576990465449705,0.0006048232301673058,0.00025774049910553355
2016-05-31,-0.0021617840154780506,-0.002329978110583209,-0.0008250904445380981
2016-06-01,-0.0012799599923136126,-0.0007652430969321187,-0.0027903865883969485
2016-06-02,-0.00244037736969449,-0.0018243393967227785,0.0001874898606290922
2016-06-03,0.003987337446438795,0.004453702029831725,0.0062175468299884
2016-06-06,-0.0018561132587648899,-0.0025815167239637035,-0.0018519245428789005
2016-06-07,0.00033653190900863935,0.00038175194814460406,0.0014284999051625
2016-06-08,0.0015565283282040223,0.0018596101211006818,0.0022551377521316815
2016-06-09,0.00697968913026513,0.007094146415162551,0.00694273523995273
2016-06-10,0.003908015800987165,0.004761777859706117,0.0043165338440950135
2016-06-13,0.002484925018831266,0.0024510369890498175,0.0024637741407541507
2016-06-14,0.003093896978719412,0.003442837702854101,0.002892726748086962
2016-06-15,-0.0007617538912164691,-0.0008332559787679229,-0.0008153644228532137
2016-06-16,0.0021634891218383556,0.0020413663731324683,0.0025611685089788256
2016-06-17,0.0010513511088423107,0.0009436076767958728,0.002762534824308118
2016-06-20,0.00010729521454270822,-1.8831773422763364e-05,-0.0004987207499246016
2016-06-21,0.0031766353385041983,0.003032180555900232,0.002063749576524878
2016-06-22,-0.002065067776131677,-0.0018353384367019903,-0.0024240646221310403
2016-06-23,-0.004566804985245806,-0.004687882644070279,-0.00453156327177531
2016-06-24,0.008263232121728229,0.009915157053621247,0.008759071724792478
2016-06-27,0.006254398668976241,0.008360732829711998,0.007972698294241397
2016-06-28,-0.0024857441870616056,-0.003523436735423562,-0.003252655182919736
2016-06-29,-0.004651832415268235,-0.005551331585952795,-0.0038544167376853558
2016-06-30,0.001207108764202885,0.0017056738177431848,0.0010444474649741059
2016-07-01,-0.0005633152919490358,-0.000565815144137933,-0.0011759714055556531
2016-07-05,0.007196642440481401,0.008609089466823884,0.00291642276941535
2016-07-06,-0.0014109769069831442,-0.0017340783931640476,-0.0002539383190003991
2016-07-07,-0.0035974527603568306,-0.0037904382372008806,-0.004516288041168731
2016-07-08,-0.000334097891667823,-0.0011616416515069644,-0.001153251827713417
2016-07-11,0.0006773567314286496,0.0002194677598308001,-0.00022525347194682122
2016-07-12,-0.0039048462238538352,-0.004810222292660225,-0.0030111967011505585
2016-07-13,0.0014987842549679742,0.00184996743823228,0.0029311957795308857
2016-07-14,-0.0021339115966066444,-0.0023568986027437465,-0.0025161472363089037
2016-07-15,-0.0007542606962526624,-0.0007115740676442865,-0.0009691755928899932
2016-07-18,-0.00013322033435045507,-0.0004918269513842917,-0.0005770090341454805
2016-07-19,0.00439439782919018,0.004571785463677097,0.003413336579703035
2016-07-20,-0.002750131215020596,-0.0034697756652370664,-0.004124396046643797
2016-07-21,-0.003905449100648056,-0.0034847631145707896,-0.0005888844390792054
2016-07-22,0.0017835124042078175,0.001602681666302655,0.0005924305606799225
2016-07-25,0.00040086316227610943,-3.1260552760820794e-05,-0.00042639407911623784
2016-07-26,0.002016176649296582,0.00011285715849960711,0.003600658119343499
2016-07-27,-0.0037161221019304806,-0.00447062625939471,-0.003061139605495591
2016-07-28,0.00011162168744879217,-0.0003076293438725168,-0.00031624639079840477
2016-07-29,0.0009923767137005196,0.0015225653167064178,0.002089076177689458
2016-08-01,-0.00026766737015026127,-0.00013628968434719759,-0.0013484523063633418
2016-08-02,-9.212648149691083e-05,0.00046431494439300435,-0.0002750629743022377
2016-08-03,-0.0040488836387638566,-0.00456467328081499,-0.0034777384602104476
2016-08-04,0.0016287666428258453,0.0010574561659907086,0.0007332396624515533
2016-08-05,-0.0065760136703907675,-0.00677220924505222,-0.004920683347296134
2016-08-08,-0.00047372992773225125,-0.00029441122609035223,0.0006357648697184115
2016-08-09,0.00038700668071104934,0.0003378283479477874,0.0002293069210416617
2016-08-10,0.0009221457062894509,0.001893842825240507,0.0024113642775677544
2016-08-11,-0.0015511362231203538,-0.0016063039357648555,-0.000914833113064607
2016-08-12,0.0007003352520083831,0.0005634857380794709,0.0004903018030229064
2016-08-15,-0.003075354830694209,-0.003598559482867492,-0.0005584083140335534
2016-08-16,-0.0031759005780333627,-0.003305485839933984,-0.0022334289796208003
2016-08-17,-0.0012243813931350847,-0.0008299860299028132,-0.0005142730123854508
2016-08-18,0.0017483115565473987,0.0013639586532263191,0.002566754013188261
2016-08-19,0.0014526973007661914,0.00022734403211789576,0.00318789503323505
2016-08-22,-0.0005764840098806315,-0.0007189480937241123,-0.0013180649109399282
2016-08-23,-0.0012126649390041097,-0.0020494584113930924,-0.00034839368261133867
2016-08-24,4.03188244116529e-05,0.0009168802014248657,-0.00114798360562078
2016-08-25,0.0005077468664420833,0.00010488137816892458,0.001429801881293258
2016-08-26,0.0009904432551677935,-0.0003433069450579213,0.002011128147707321
2016-08-29,0.0017342756767025737,0.001994829531573395,0.0015521909089883752
2016-08-30,-0.0035352468042245872,-0.0033694661285692254,-0.0035327081516705046
2016-08-31,0.0021890882278414936,0.0025977864499384952,0.0006010650403940144
2016-09-01,0.0028927457724206617,0.0030115686271075977,0.0001743755362490092
2016-09-02,-0.0005757535527264171,-5.4894353848535874e-05,-0.0010016250581206438
2016-09-06,-0.0009655377872274203,-0.0005991421633740823,-0.0005445391961895113
2016-09-07,-0.0028549630138917795,-0.0030578070244021744,-0.0022388976361953426
2016-09-08,-0.004363819901278525,-0.004042032883964148,-0.0018604811380569094
2016-09-09,-0.004052890986203926,-0.004020208221754747,-0.0036864539003615727
2016-09-12,0.00015844750013160143,0.00022643966956556883,0.0009535267716761208
2016-09-13,0.0006379055506998242,0.0008336574549071725,-0.001414397149804385
2016-09-14,0.003424260488703531,0.003205693737161064,0.0021688944709966074
2016-09-15,0.0012644751119423939,0.0006205034489660273,0.003958415413899765
2016-09-16,0.0001274401031072601,-5.179121718426437e-05,-0.0004906360348460174
2016-09-19,0.002127326460094859,0.0021005083244971363,0.0009029427090858969
2016-09-20,-0.001819981705009365,-0.0015286534647478193,-0.0028564123428190796
2016-09-21,0.0030869304445785093,0.0026065939490041816,0.005002917966311099
2016-09-22,-0.0001072147084422011,0.00019318776084044289,-5.1408113140583226e-05
2016-09-23,0.0010755090093218793,0.0013556030029858721,-0.0018604267078641324
2016-09-26,0.0020764035720343054,0.0019503381998035123,0.00012430816184916873
2016-09-27,0.0011618365342067035,0.0005714160644831029,0.002495670462022298
2016-09-28,0.0009254503389091163,0.0004730619219846909,0.004428854749016091
2016-09-29,0.0029264205337468175,0.002205933135953189,0.003396549311900793
2016-09-30,-0.0003042728615671951,-0.001129930237519379,0.0029478807398434126
2016-10-03,-0.0015396331046939491,-0.0017872695347688071,-0.0006824677938228441
2016-10-04,-0.0028940833259842457,-0.003190244319283558,0.0003531533946163414
2016-10-05,-0.001761314307696713,-0.002412028404776464,0.001707457648407868
2016-10-06,0.0021617587874932726,0.0016159739014413776,0.001355284297296008
2016-10-07,-0.0011021477391348691,-0.0011293387020472581,-0.00023402889530391646
2016-10-10,0.00010671302151787386,0.00017339673683763345,0.0011796098293392994
2016-10-11,-0.0008650602825947577,-0.00015553348923948358,-0.0037293405479069445
2016-10-12,0.003338777435233382,0.0037625511566290403,-0.0021973699035017736
2016-10-13,0.0003984420225199499,0.0008415664750955149,-0.001166008646460267
2016-10-14,0.0007487994493250047,0.0003394402019223662,0.0014481782102388537
2016-10-17,0.0017367775357028821,0.002086527758156037,0.0015991518167760993
2016-10-18,-0.0030273038324219285,-0.0037778225996438187,0.0006929081158286519
2016-10-19,-0.004037271801599413,-0.00432335989073521,-0.002478313378881098
2016-10-20,-0.0012001306751441162,-0.001838212655112895,0.001475858204618892
2016-10-21,-0.0031243460559087907,-0.003161013467160839,-0.003431476994343043
2016-10-24,0.0038498008547062502,0.0034845475696549505,0.0023962016737023415
2016-10-25,0.0019320817061579429,0.002530067976562013,0.002482309477792277
2016-10-26,-0.004137846976541723,-0.003927555091671219,-0.004003405461973393
2016-10-27,-0.004026186348646349,-0.0036751690926941872,-0.0009342713366467918
2016-10-28,0.0007340536817153843,0.0018456487655543778,-0.0023845822660746923
2016-10-31,0.006089122646494183,0.006273599310070859,0.002506715104155699
2016-11-01,-0.0024167621252196778,-0.0023398112680909472,0.0004294021721100665
2016-11-02,-0.0014462001204407669,-0.0010471527699960057,-0.0046949164111630085
2016-11-03,0.0009760871687695781,0.0014381632059641204,0.0009240810676478349
2016-11-04,-0.0020394349552271436,-0.002157365376906912,-0.002037183431752732
2016-11-07,-0.00042906457402471437,-0.0015275724070236566,0.003916268523957284
2016-11-08,0.0005202098472155687,0.0004800635802314012,-0.0005610267391356667
2016-11-09,-0.01488858751800324,-0.01484447781159346,-0.0023136361093774017
2016-11-10,-0.007868095952300484,-0.008370772197983697,-0.005716744229192862
2016-11-11,0.005435667050174437,0.0050548478251018995,0.00854002351700417
2016-11-14,-0.006618612547668443,-0.006459360158966138,-0.001547872776851101
2016-11-15,0.004428771409755519,0.00393768283940941,0.0058905705989378805
2016-11-16,0.005221937601558845,0.00503025216123213,0.00353957502151164
2016-11-17,0.0014845739539422764,0.0002760973226213306,0.003857588687620919
2016-11-18,0.00276366332388801,0.002597907762436706,0.0025860149419285583
2016-11-21,0.0034716529893173823,0.0025098138070672724,0.0036435529530682987
2016-11-22,0.0014064649044491103,0.0010698546854056264,-0.000805008588969893
2016-11-23,0.0020773843823429987,0.0015195016682285425,-0.0006647656170804146
2016-11-25,2.0060586168809523e-05,0.0003284962850788317,-0.00038179868648676645
2016-11-28,0.003118218507787083,0.003878759879708421,0.0004764187244281638
2016-11-29,0.001911929421881741,0.0025492006362231425,0.0010179076165137057
2016-11-30,0.0002992518184639132,-0.000580146825593935,0.001369020380984263
2016-12-01,-0.008463925163257528,-0.007053150019333073,-0.01023108823677893
2016-12-02,0.004826478805210544,0.0045071330892701295,0.0028396470148643062
2016-12-05,-0.0009428704702591522,-0.001268111149426851,0.0021608573681585986
2016-12-06,0.0018100403226479242,0.0009336999833182913,0.0034099093072393525
2016-12-07,0.004018841647024678,0.0035704696451203818,0.003553600814961771
2016-12-08,0.001919358205471182,0.00037002529182604505,0.0031940490728552392
2016-12-09,-0.0020985507163761006,-0.001235392310799643,-0.0032182434618230637
2016-12-12,-0.0016485945426666909,0.00039210271072476937,-0.004470655227109407
2016-12-13,-0.001454155133418627,-0.001715590623638823,-0.0018429153409880886
2016-12-14,8.434298347121708e-05,-0.00029680864216329234,0.002012183424199353
2016-12-15,0.003219383135557076,0.0024519830416017637,0.0032868898763040977
2016-12-16,-0.004224420474821296,-0.003240366757809818,-0.004011530281621414
2016-12-19,0.0011175100449763867,0.001619548491498113,0.0012826115465214378
2016-12-20,0.0036277363917929027,0.0028947589979516288,0.003305425590407679
2016-12-21,0.0013098420346622662,0.0011748330997590018,0.0007686497227354854
2016-12-22,0.002275458167829117,0.002057706220209737,0.0019858199854792366
2016-12-23,-0.0014036402729711355,-0.0021047485505796804,-0.00031467062913779847
2016-12-27,0.003464891504206293,0.002713612613042814,0.003388945809421315
2016-12-28,-0.003705293378379093,-0.0028577230249346576,-0.004073841434021601
2016-12-29,-0.0013810523883628736,-0.0005787742096354728,-0.001702023153239235
2016-12-30,-0.0011235345998026403,-0.0007941286414992924,-0.0016341631990281864
2017-01-03,-0.001141039981237905,-0.002418982299191817,-0.0016527816345970597
2017-01-04,-0.0007018890559887984,-0.00166002395384186,-0.0017519252083778999
2017-01-05,-0.004427789919460771,-0.004568291790945599,-0.004394114246244472
2017-01-06,0.0022893489187517306,0.0017121016481077631,0.0010094509773702987
2017-01-09,0.00044391647954576696,-6.037560463371796e-05,-0.0002445242947228004
2017-01-10,9.930019551741964e-05,-0.0005697519251498586,-0.0012062102202223565
2017-01-11,0.004371291305882194,0.0035711220506501754,0.004327633770010507
2017-01-12,-0.003013836066991339,-0.002508923135033635,-0.003165117810493392
2017-01-13,0.0013866980193573172,-1.1897740622677822e-05,0.0007787030533198281
2017-01-17,-0.00908570948200544,-0.007750175820866707,-0.00922751811842362
2017-01-18,0.0035271549637129057,0.002484416073723774,0.0031442214416521536
2017-01-19,0.0013104621012714824,0.0005858545956485591,0.000888307645997233
2017-01-20,0.0030997288835523788,0.0028773793084956277,0.0033316594831072264
2017-01-23,-0.0008499369422869263,-0.0004846565638148209,-0.0020884130041904504
2017-01-24,0.007385708532300777,0.0066574521387879875,0.0075931017684740315
2017-01-25,0.0030107054004563987,0.0021205297729673046,0.002492450476942568
2017-01-26,0.0028208985303894087,0.003075679854097981,0.0019645797627609657
2017-01-27,0.0010254887095117117,0.00041720997299149275,0.0006375173452342012
2017-01-30,-0.003996934025155617,-0.003677095430097269,-0.004134713636559894
2017-01-31,-0.0070410372940225615,-0.009001067418721555,-0.007086086301289409
2017-02-01,0.006131115507381796,0.004896714816866954,0.007761362400002989
2017-02-02,-0.0020224474112479304,-0.0017282091946314658,-0.004363711367374041
2017-02-03,0.002154606192707132,0.002037970164268867,0.00410902620499865
2017-02-06,0.0019328727520465648,0.0014785177185949183,0.0021312476419668267
2017-02-07,-0.0005613725424891443,-0.0008595642943321188,-0.0002872667152538929
2017-02-08,-0.0010992171002597527,-0.001266470499714103,-0.0012213971592732584
2017-02-09,-0.00025540927869961624,-0.0006481598206298373,0.0007048170194651043
2017-02-10,-0.000252559704004571,-0.00026922572228444693,-0.00044705545577300915
2017-02-13,-0.0003470880856229073,-6.41776385475031e-05,0.00041665238129407037
2017-02-14,-0.0014883618582396275,-0.0011766738060093574,-0.001127211323874923
2017-02-15,0.00010545034437257939,0.00014456157176608532,-0.0009604156830915365
2017-02-16,-0.0015484751481506184,-0.00017732722176157185,-0.00200334394977795
2017-02-17,-0.0008012126963276847,-0.0008128956722542544,-0.0011191293682928725
2017-02-21,0.0026457687070546698,0.0022108514228748556,0.0030779100723212173
2017-02-22,-4.406066854635359e-05,-8.588597506792053e-05,8.836779733615167e-05
2017-02-23,-0.005007353376727809,-0.003964123389227647,-0.0062444675922893236
2017-02-24,-0.003141295514884575,-0.002786824783356904,-0.00440905364627732
2017-02-27,0.004139085042380059,0.004261027239946197,0.003697708616152261
2017-02-28,-0.0022970633135591043,-0.002422921883985738,-0.0016423538855012169
2017-03-01,0.009623514541778953,0.009164846730335819,0.004485517165739375
2017-03-02,-0.006338518713866011,-0.005819805075678757,-0.006216569736494013
2017-03-03,0.0012550010141032229,0.0011230771570443529,0.00067273299808438
2017-03-06,0.000892838298597485,0.00070042233601037,0.0009234023937628712
2017-03-07,0.0013662800760988298,0.0015990159459110577,0.0010905021549425591
2017-03-08,-0.0017303234396696331,-0.0017547222477560603,-0.0022331850732590737
2017-03-09,0.000351917712041317,6.569970880233616e-05,-0.000529437366629791
2017-03-10,0.0005690610808516211,0.0005266975301694943,0.0004785075975675296
2017-03-13,0.0030411204499696228,0.0029058383135825705,0.003551871656212567
2017-03-14,-0.0017721400809350078,-0.0015973324675794026,-0.0011677739353581776
2017-03-15,-0.002265225283081202,-0.0026178243664913294,-0.0028199431577849263
2017-03-16,0.0009914652179841546,0.000882875098697751,0.0025612162835166466
2017-03-17,-0.00107380173086959,-0.0006325138149902026,-0.00038253444458243155
2017-03-20,0.002393644823128135,0.002290098342747599,0.0017737009134726651
2017-03-21,-0.008078645227431116,-0.0068263443989701675,-0.008279713411751908
2017-03-22,0.002722963332529175,0.0024701318933023505,0.0023497940176286486
2017-03-23,0.0006398517147561859,0.0004883131285898896,0.00021711790964005698
2017-03-24,0.0013241404870600467,0.0008191809274530761,0.0010771637630985057
2017-03-27,-0.0014959269241806852,-0.0016832620891774936,-0.000929280803571931
2017-03-28,0.0010799314610296755,0.00045116251364275134,0.0029467441500673586
2017-03-29,-0.001688581194059397,-0.0035355324393435044,-0.004982682070947434
2017-03-30,0.0021478373333002863,0.0014817498918558334,0.00439897660445509
2017-03-31,-1.8337761151992818e-05,-0.0002627270112881196,-0.0015172691700149257
2017-04-03,-0.0007289004015404512,-0.0003951006421407694,0.0014323291860448121
2017-04-04,-0.0019342868287637147,-0.0020663677408068034,-0.00252791857070231
2017-04-05,-0.002138608945720249,-0.002144038220717252,-0.002472136864716726
2017-04-06,-0.00026517527805466646,-0.0006720107371280199,0.00018490545982890541
2017-04-07,-0.0005627142255522308,-0.0006572442624501232,-0.0007089079371340023
2017-04-10,-0.0023977450107447226,-0.0026902645363063244,-0.0018855620667053582
2017-04-11,-0.0016396243807885154,-0.0015668517561822678,-0.0010663263668781835
2017-04-12,-0.005441113818362228,-0.004181733096164108,-0.005508139284020416
2017-04-13,-0.0014911448893837624,-0.0016611844476371901,-0.0012441860919432247
2017-04-17,0.005042861504013164,0.004823804030002703,0.004863900492514511
2017-04-18,-0.0012683338248719075,-0.0010659117477305228,-0.0012329264573843974
2017-04-19,0.00203517580278988,0.001397676527663346,0.0010583123237405847
2017-04-20,0.0022714900696604976,0.0028482407030472816,0.003729019148303421
2017-04-21,-0.0009086501239583235,-0.0003970499921654929,-1.8099733122984816e-05
2017-04-24,0.004718620673978854,0.00415531501204212,0.003535543730275365
2017-04-25,0.004812151800869018,0.00379988933533637,0.0052634212400952
2017-04-26,-0.002321749210171592,-0.002305773774300506,-0.002191379771002481
2017-04-27,0.0014527745903099095,0.0012419373481714082,0.0005745467116964672
2017-04-28,-0.0036187639360651643,-0.003906380103330326,-0.0034921475097897496
2017-05-01,0.005391023691270052,0.003919217455008153,0.0046358640478747085
2017-05-02,-0.007183142677263733,-0.005960767965648772,-0.007320983111411813
2017-05-03,-0.001081116756186798,-0.0014775123569647183,-0.001564854551349274
2017-05-04,-0.0037285757357589933,-0.003008456996199166,-0.003868059103322391
2017-05-05,0.0013688676726075373,0.000795032051302713,0.0011624146788306309
2017-05-08,0.0001786017219349237,0.0003334220718459614,0.0004556622645123868
2017-05-09,0.0023644846990824534,0.001346020085170579,0.002461023279470384
2017-05-10,0.005999286960303265,0.004609015134568367,0.006527725383278758
2017-05-11,0.0012146761200870885,0.0007603481267023822,0.0012184116180762902
2017-05-12,0.0008139516379732392,0.0008641284696256714,0.00021556766559178566
2017-05-15,0.0010629551595698408,0.0007671778315117611,0.00044628172829534035
2017-05-16,0.006497798073980393,0.005406402304687804,0.004941399332249953
2017-05-17,-0.013303966620119265,-0.010995746260908164,-0.011325629709364213
2017-05-18,0.0038604557567820737,0.0022447700144056413,0.003631104376237393
2017-05-19,0.0010411595740872671,0.0007004533285003855,0.0017568755112654538
2017-05-22,0.0005591175422869968,0.0011141371856577143,-0.00035791981044245165
2017-05-23,0.0003843991008527747,0.0009125573817009674,-0.0014311386032729947
2017-05-24,0.0028962989526417925,0.002827874755308238,0.0021321707509877183
2017-05-25,0.001077844313361754,0.0013820050165446471,0.0006691214461845131
2017-05-26,0.002684848378474128,0.0019152852031022833,0.0027713804702684222
2017-05-30,0.0008291737339671988,0.00036051789864676185,0.0006784734036494852
2017-05-31,-0.0023855066263828973,-0.0028241756792580387,-0.0023388732702407837
2017-06-01,-0.0037746829630664223,-0.0043360926674854425,-0.0032151949365390913
2017-06-02,0.002711762117021691,0.0027974879681289407,0.0020950486200077105
2017-06-05,0.002116439637685028,0.0010571591632241503,0.000964647753518899
2017-06-06,0.0027770563201420795,0.001316148342764091,0.002145301140413627
2017-06-07,0.0037908435081746056,0.0035117524114214047,0.004216399819722745
2017-06-08,0.007210735706778802,0.004981535763667565,0.006056160088964543
2017-06-09,-0.01224925074935707,-0.010516344940051067,-0.010424800603021651
2017-06-12,-0.004902284087707742,-0.005294048361629252,-0.004220399195270638
2017-06-13,0.003584667140414868,0.003487952366603461,0.002837668549368443
2017-06-14,-0.0023417676045239936,-0.0022144621044746186,-0.0011104529062112467
2017-06-15,-0.003433980768192277,-0.0028654131481575377,-0.002950586045451918
2017-06-16,0.0002984075289628993,0.0002812379301840026,-0.0004977548666938692
2017-06-19,0.006754254519287678,0.006260603612912597,0.00469131772458607
2017-06-20,0.00042953798105754663,-0.0007126138228706761,0.000582400953585725
2017-06-21,0.005355199718587466,0.003152172772892056,0.006543610488474374
2017-06-22,-0.001956983297262027,-0.0026340713091031905,-0.0012139604546923327
2017-06-23,0.00017139701079953358,0.001050156273629252,-0.00026468791873681806
2017-06-26,-0.003198912899020811,-0.0029392541909482603,-0.003536037221936931
2017-06-27,-0.0029306831332491356,-0.0009844145325801743,-0.004949114798597496
2017-06-28,0.004072376295171542,0.0038523881682111603,0.002271838892359458
2017-06-29,-0.003469705523919839,-0.0025330836370648117,-0.007124393141226252
2017-06-30,-0.0032996957959791724,-0.0030304397450094857,-0.0034384498924640984
2017-07-03,-0.004285436023830494,-0.003210018827051437,-0.008497555606654474
2017-07-05,0.007040229177768905,0.006269492223695068,0.006107724764458878
2017-07-06,0.003034448098242809,0.0037406421056921666,0.0021277310912208264
2017-07-07,0.004546392292410257,0.003909794657161078,0.005768344443081156
2017-07-10,0.005766047571381498,0.004487466612990761,0.0046488879143670786
2017-07-11,0.003461540244294349,0.0025668488370456286,0.004559902039962149
2017-07-12,0.0009010993409662294,0.00022710534925140104,0.0033102447466372047
2017-07-13,-0.0019351571060006742,-0.001139748758233218,-0.0030573831114879832
2017-07-14,0.001527555568747111,0.0014737020616598525,0.0038841055172934304
2017-07-17,-0.0003722129320777298,0.0004882850781039867,-0.0008710879102141725
2017-07-18,0.0034290431885825585,0.0025253387850425603,0.004105587096513091
2017-07-19,0.0024874496176256885,-0.000146907546775788,0.0052475738769467315
2017-07-20,0.0016070621977825868,0.0013021146701525934,0.0029081563566257496
2017-07-21,-0.00036467447098394065,-0.00031707582052760967,0.0006009536060701877
2017-07-24,0.0040372652104758875,0.002922546030100583,0.004748670343580667
2017-07-25,-0.0014392090248439811,-0.0007937493336376156,-0.006224316915643259
2017-07-26,0.003928072581229822,0.0024508808194079693,0.0026911836568715205
2017-07-27,-0.008090461844484333,-0.005904699400823373,-0.009439499663773705
2017-07-28,-0.0008983324360601249,-0.00039974814656744634,-0.0010423909382089988
2017-07-31,-0.006387785092822684,-0.0041187652979332735,-0.008634610024285616
2017-08-01,-0.00026054698492474344,0.00047772333477679016,-0.0012288798653055397
2017-08-02,-0.0005756330731478754,1.1869996502960469e-05,-0.00032428890914860703
2017-08-03,-0.0004426765555504222,0.0008887171156967004,0.0012656241845898106
2017-08-04,0.002882274921118069,0.0022760345390999393,0.0004720207626838893
2017-08-07,0.003983267203693921,0.0027464695007194877,0.004115381877586781
2017-08-08,-0.0003315340093969958,0.00047678763935457986,-0.0010350465465797996
2017-08-09,-0.002575092850680066,-0.002344644811155273,-0.0009228476036383088
2017-08-10,-0.00819609688550948,-0.005708255685445925,-0.00639531063963783
2017-08-11,0.002523124360569435,0.0009454727372247107,0.003972744525381957
2017-08-14,0.006119124595191197,0.004935867586311992,0.005463632396383344
2017-08-15,0.0012811521202867782,0.0016609795070626526,0.001209347029562212
2017-08-16,-0.0002716762626152389,0.0010335822203111447,0.0017318135757069782
2017-08-17,-0.0023403885930788084,-0.0010261928624509405,-0.0010726580707881197
2017-08-18,0.002374444392813332,0.0015675987895996046,0.0022826182621597723
2017-08-21,-0.003978082848859617,-0.002871669095998931,-0.0021114616010836115
2017-08-22,0.005171856756013345,0.0037748754907318965,0.004154331574295802
2017-08-23,0.0016466415336843562,0.0007520773406074097,0.0004998860711237155
2017-08-24,0.0002063735377357925,-0.000680300695523515,0.0008344413409846667
2017-08-25,-0.0035275477700378566,-0.002555158204788229,-0.0038431959279151854
2017-08-28,0.0001165291086989628,8.360804615875996e-06,0.0023804481547750915
2017-08-29,0.00041914760728086267,0.00091344089419767,0.0012859846157042556
2017-08-30,0.0029427355006298285,0.0003966437472753244,0.0022654856478192924
2017-08-31,0.0011517911217850641,-0.0003401170606401843,0.003474492437108527
2017-09-01,-0.0007761592998085593,-0.0022014655738724436,-0.0026573704103889217
2017-09-05,-0.0037986965861636387,-0.003191240586019884,-0.0002255747554987839
2017-09-06,-0.0028899728139571766,-0.0029583256924635704,-0.0026976963745330863
2017-09-07,-0.0003721155437532803,-0.00039309619516830275,0.005158238512382013
2017-09-08,-0.001833915453934623,9.287692639058604e-05,-0.0003525356752748308
2017-09-11,0.004584701627581288,0.004596004035897506,0.0016815909689732122
2017-09-12,-0.0013850747253311513,-0.0019820486392421537,-0.003165391156416945
2017-09-13,-0.0004745031940683203,-0.0005249352615241759,-0.0020433911514202104
2017-09-14,-0.0010661978913494153,-0.0016632609595894326,-0.0008687740538978902
2017-09-15,0.001289018066650555,0.000567201616915207,-0.001128442029073566
2017-09-18,0.004857596037904399,0.00247126920738034,0.0005686810569230942
2017-09-19,0.0010884791041140224,0.0008155953561407303,-0.0007300721510630992
2017-09-20,-0.00119312027599519,-0.0020083809521122716,-0.002920967236531497
2017-09-21,-0.0011946170780138964,-0.0011763612555350247,-0.0024638762719763475
2017-09-22,-0.0017455842813733618,-0.001408483097053966,-0.0019615155736495467
2017-09-25,-0.009789469165200935,-0.007639249772402179,-0.008586861694002575
2017-09-26,-0.00016517869569369204,0.00037755885847930767,0.00016709869254111356
2017-09-27,0.008691227067078595,0.005040053167160475,0.0041519438480876495
2017-09-28,0.0030775299387067836,0.0031266603301994683,0.003577161943993375
2017-09-29,0.00346267533756652,0.0024375277369233406,0.0035208300190270178
2017-10-02,-0.0003579961566821209,-0.00011092093271182488,-0.000612334680247184
2017-10-03,0.0022033988090755957,0.0012550964486864758,0.000513142763332374
2017-10-04,0.0005964103492774708,0.0007793584342272727,0.0015714333207060083
2017-10-05,0.0002610614295314729,-0.0004891206172498298,-8.598376434436808e-05
2017-10-06,0.0031338784918392955,0.0024268162502359032,0.0032307231762948143
2017-10-09,0.0016505811703516262,0.0015013256629488622,0.001967298171220092
2017-10-10,-0.0012449086937041031,-0.0016302869445826772,0.00031191849080041523
2017-10-11,0.0011895453263847434,0.0017617049290472645,0.0017327605913219038
2017-10-12,0.001752637292402514,0.0019145676054833562,0.003028000771093259
2017-10-13,0.0016311347260939365,0.0014615702783318044,0.0014555916700776065
2017-10-16,0.000964976485154947,4.631808832728839e-05,-0.0013129055186875394
2017-10-17,0.001853021494135369,0.0025891714850634455,0.0021723853514268674
2017-10-18,0.000884541878951068,0.000509108229208474,0.0004155318244814779
2017-10-19,-0.0020019447541556983,-0.0009269320454127566,-0.0012057266207098506
2017-10-20,0.0006894884888795943,0.0005061825295364236,0.0007922659136494444
2017-10-23,-5.083831792897258e-05,0.00029236346794800654,-0.0010506214817335997
2017-10-24,0.0031802752057533902,0.0011021125534901469,0.0023210018753355125
2017-10-25,-0.003203836337327456,0.001940473126733741,0.00044235673947340686
2017-10-26,-0.0019945885629166736,-0.001152567174171994,-0.0012469718261558867
2017-10-27,0.0066278742902806595,0.006547482411013879,0.0032700190338068795
2017-10-30,0.0017080354776378296,0.0024476732268271786,0.0033838013431886573
2017-10-31,0.0028539580544013495,0.0022473721943133134,0.0014826626298080855
2017-11-01,-0.004088970714886757,-0.002039458691439096,-0.00285865494843572
2017-11-02,0.0001427912425403695,0.000171006687816778,0.0017655188053457755
2017-11-03,0.0029103257756393497,0.0014947140606584972,0.0006725223928891065
2017-11-06,0.002922428951610469,0.0008254487572262825,0.0007628511282034075
2017-11-07,0.0004607594823783021,0.0011430213165436577,0.00019605325340412883
2017-11-08,-0.0012559650182088849,-0.0003340043444743973,-0.001358290710367969
2017-11-09,-0.005098285087279704,-0.0019313447875131918,-0.0056725221663011405
2017-11-10,0.000537080388725342,-0.0005726842170327784,0.0005575103937323645
2017-11-13,0.0023540575151352675,0.0033101515778289885,0.001297829196097731
2017-11-14,0.0027209641480370663,0.0035203928885815102,0.0019408452160504864
2017-11-15,-0.0016264818087439205,-0.002324172556500637,-0.0013688584062656055
2017-11-16,0.0028464617851839346,0.001958310466526905,0.00207041681637154
2017-11-17,-0.0017781224109927115,-0.0029558683510330984,-0.0013280409426277636
2017-11-20,0.001980953227870599,0.002108300347439001,0.002075567845463951
2017-11-21,0.003830802508674803,0.003457170425006342,0.002712079034661841
2017-11-22,-0.002576639835135049,-0.003017426797057781,-0.001725409296436738
2017-11-24,0.002266234756955633,0.0021075178684591606,0.0012761822604000076
2017-11-27,2.12697242289002e-05,0.0008098554224312764,-0.0012172441021151873
2017-11-28,-0.004418749682966799,-0.002788838494284501,-0.0002500209071342116
2017-11-29,-0.018528594319858087,-0.013077544645402797,-0.01342445468687338
2017-11-30,0.001827257415502863,0.0024092888402929757,0.0017631812894784327
2017-12-01,-0.004607673582226173,-0.004212947417504674,-0.004579696333391568
2017-12-04,-0.017124568968850878,-0.015365730152263404,-0.014407472288818973
2017-12-05,0.004709211822684393,0.0044498792200911175,0.003390077984121428
2017-12-06,0.006455842128625303,0.006320322562934795,0.0044694208337540675
2017-12-07,0.005111451690155331,0.0038908443036965662,0.005218878858458938
2017-12-08,-0.00045164947572231206,-0.0005463713187249625,-0.0008368447976374117
2017-12-11,-0.0012875872885842773,-0.0018910661649164193,-0.0019721483499974047
2017-12-12,-0.005363400261068114,-0.004300823873700912,-0.004749076162808862
2017-12-13,0.002549331029092115,0.001744791242201162,0.0010910719449724546
2017-12-14,-0.00012151537340703937,-0.0009331652988291614,-0.000876143171166865
2017-12-15,0.002447689016738462,0.0014817255257827632,0.0021782512723380427
2017-12-18,0.003423183514757977,0.00081919807561147,0.0028975522491395903
2017-12-19,-0.0006042090937280191,-0.0002793313385431204,-0.0008090036510058567
2017-12-20,0.0014654635454305369,0.0006469689004081467,0.0013819225512291093
2017-12-21,-0.004523504066230609,-0.004478994409045025,-0.0033307055911723673
2017-12-22,0.0009747141499514075,0.0011292857728137813,0.001118785053277253
2017-12-26,-0.002380445688268869,-0.0012553226869634693,-0.0014880902431339878
2017-12-27,0.0021151260322157845,0.0026377156982088173,0.0021321141283878256
2017-12-28,0.0009604908648963627,0.0007489223302862176,0.0005218818567862654
2017-12-29,-0.00152638571859141,-0.0001248329029504176,-0.0012928121336220023
2018-01-02,0.0025253142164385527,-0.0030292013935569284,0.0014704903567632878
2018-01-03,0.002097215687871356,0.00022991502767632529,0.0011059450708352865
2018-01-04,0.0005606269110039098,0.0004919655438855472,0.001211007196435532
2018-01-05,0.0024466147351195036,0.0022521517469661174,-9.93544466468499e-05
2018-01-08,0.0029423629896177628,0.0011034310135517793,4.675143608361203e-05
2018-01-09,-0.0017340414684443085,0.0003975782449596365,0.0009099206579346881
2018-01-10,-0.0006999597067200434,-0.00042930417363872203,0.0004902606980358761
2018-01-11,-0.0003734736875425928,-0.0007055751066720467,0.000615892267373109
2018-01-12,0.002075773682840921,0.002297926201259666,0.00316603605836817
2018-01-16,0.001672671411373459,0.0010211568020346406,0.0006393061508734406
2018-01-17,0.005420894582286618,0.004053496998158587,0.00486125382469418
2018-01-18,3.60753643776651e-05,-0.00034143070761513195,0.0005759777585379515
2018-01-19,0.0012189683650556506,0.000674283624136461,0.0011670257850801757
2018-01-22,0.0017937597357574574,0.0007035120439076182,0.0024835261533906476
2018-01-23,0.0016085330884370933,-0.0021143365770450776,-0.0006727683872997291
2018-01-24,-0.0024064171230751595,-0.0012166785394256288,-0.0010845595697295243
2018-01-25,0.000150017712404204,0.0024322747790452197,-0.0003896296977134863
2018-01-26,0.004472242221001898,0.003998421960841186,0.005079108299044589
2018-01-29,-0.0032392359094623757,-0.004232146670474429,-0.00218236232804758
2018-01-30,-0.003349318271408494,-0.0026036395453705873,-0.0030590130295859845
2018-01-31,0.00420039786038777,0.003654646624542361,0.0016038346863673696
2018-02-01,-0.00011473541541580931,0.0012601450760781627,0.0016823554774794297
2018-02-02,-0.0015838384217200486,-0.0015686362031181592,-0.002810620880052145
2018-02-05,3.390177630435555e-05,-0.00025069872421506177,-0.0013295267190241648
2018-02-06,0.010576860007675588,0.007566411153644676,0.011923276486231439
2018-02-07,-0.001723889779765538,-0.0005399908563173284,-0.0023109424970570542
2018-02-08,-0.006931589530980043,-0.005215936785971529,-0.005450864534864233
2018-02-09,0.0032417327880031595,0.0033466098569770453,0.003199352780074997
2018-02-12,0.0028694615963668333,0.0015721700382167938,0.0025418269092993945
2018-02-13,0.002601606350048699,0.00203445491350204,0.0017774923249160228
2018-02-14,0.005228541923620282,0.00304635376522059,0.005353440320243525
2018-02-15,0.0009775533312482384,1.6620824252366298e-05,-0.00043424315601908834
2018-02-16,0.00022411323236578022,0.00028487623646142584,0.0006086862344631038
2018-02-20,0.005476815195631256,0.002691277813812108,0.0034993453105855426
2018-02-21,0.001508804924781727,0.0016811290728722436,0.00035637569430697566
2018-02-22,0.0011533685651546818,0.0016577298172116438,0.0007980213702583713
2018-02-23,0.0027087507425748013,0.0009029285633536953,0.0015460341610557253
2018-02-26,5.280327295614472e-05,-0.0016807252474239876,0.0016782751654586833
2018-02-27,0.0026480439853736634,0.001971765882218378,0.0021659446341357113
2018-02-28,-0.001038299263091681,-0.0016068963981948183,-0.0024390334874295257
2018-03-01,-0.0047354737770800145,-0.005043315205965231,-0.005237584505605144
2018-03-02,0.0006843280105876199,-0.001839001079514146,9.537943993435313e-05
2018-03-05,0.0023843086792952255,0.0017537506734377993,0.0019486029007152906
2018-03-06,0.00285352352927406,0.000756593832961221,0.003307920925051912
2018-03-07,0.002374962330881483,0.0020693602139053684,0.001087522725927359
2018-03-08,-0.0015618022298831231,-0.0015703764753903946,-0.0020059402415113117
2018-03-09,0.005064724598440835,0.0049649856567837184,0.005206495208651694
2018-03-12,-0.001399427064646948,-0.004067308766178166,-0.0021311137374302107
2018-03-13,-0.00026459547697223787,0.00034338585779044076,-0.0009380753277238878
2018-03-14,0.002346666610922486,0.0018674463387842858,0.001795698768090597
2018-03-15,-0.000985710833842337,-0.00028835447686492027,-0.0016072328330886125
2018-03-16,0.0001369666250413568,4.592363678968283e-05,0.0010582613615880605
2018-03-19,-0.0004238471824313057,0.0006998802341758554,0.00038986280197357456
2018-03-20,0.008403663829717654,0.0082491564649206,0.009279570530223468
2018-03-21,-0.0015333537731537462,-0.0025449796809210836,-0.0007252087265811625
2018-03-22,-0.008439320955793993,-0.00857346405509821,-0.008649128824487437
2018-03-23,-0.0046519408084899775,-0.002270111461616112,-0.004181441926435388
2018-03-26,0.008562442009027461,0.0072264565998171075,0.010043035374272395
2018-03-27,-0.013857736436344662,-0.010541105966654604,-0.013025509761750381
2018-03-28,-0.008033738731885284,-0.006148384543965989,-0.007280610337700101
2018-03-29,0.005953350879434287,0.004641405208550201,0.007443786153911793
2018-04-02,-0.003069487368836055,-0.0009291979808152245,-0.0044797046228757425
2018-04-03,-0.00016515141841552574,-0.001034827863779088,-9.363902910093966e-05
2018-04-04,-0.0001589789328458,-0.0012889475900788783,-0.0008637939741234544
2018-04-05,-0.001833714239276207,-0.0004813581110821277,-0.0012551951632149181
2018-04-06,-0.0043870841139508005,-0.003938914515567063,-0.004209546581228105
2018-04-09,0.0007286489300692824,0.0007779192175731256,0.0003900223418563675
2018-04-10,0.006949699991614918,0.004892288318937991,0.0054640373408014215
2018-04-11,-0.0016177864268717358,-0.002014355732091893,-0.0009211047965276334
2018-04-12,0.007978824469305021,0.007085417939921841,0.008822698642268617
2018-04-13,-0.005194619080724313,-0.005134412778602329,-0.006517327605295246
2018-04-16,-0.0005461595595436674,4.976579750008093e-05,0.0011036249131954547
2018-04-17,0.00861103892614198,0.007842673927573006,0.007488110130864639
2018-04-18,0.00308692592766642,0.004335021757614323,0.0007700907206853612
2018-04-19,-0.0006256533933257212,0.0022361658705519977,-0.001947587989024959
2018-04-20,0.00033002789665849343,0.0005848884496620531,0.0001816955607485596
2018-04-23,-0.003638356451126764,-0.002823370773271092,-0.003825715939944206
2018-04-24,-0.006214237186629327,-0.005750119211973581,-0.006639428077690965
2018-04-25,-0.00027257098888064515,-0.00046124728934566827,0.00038905788702067837
2018-04-26,0.005961009358348332,0.00479509565690951,0.0034443911866941894
2018-04-27,-0.000903065141324124,-0.00041376842651150744,-0.0006347523484181853
2018-04-30,0.0004552277881582142,0.0008269324259715542,0.0022319004607466637
2018-05-01,0.0044039865810694126,0.0032045569410515083,0.004469461002528815
2018-05-02,0.0009991953739956587,0.0010589162022997054,0.0015093788636957785
2018-05-03,0.004859713872982554,0.004716909771167581,0.005393831573078969
2018-05-04,-0.0007484966049357407,-0.0013191120416184991,0.0014854094677347225
2018-05-07,0.0037717948609301013,0.0035049398770947123,0.003185194988365928
2018-05-08,0.004444368000584668,0.0043175347977460424,0.003429024837441828
2018-05-09,0.0038058810830543196,0.002992270540542288,0.002328145340575972
2018-05-10,-0.0013867881773913357,-0.0019064539074068179,-0.0014736914147937732
2018-05-11,-0.002882891768018227,-0.0027636471826016514,-0.004080907826626912
2018-05-14,-0.0010063657382683186,-0.0018216414107964504,-0.001847878543548822
2018-05-15,-0.000490846426809179,-0.00023802135720352426,-7.470106656156124e-06
2018-05-16,-0.000719302876937775,-0.001803447122074579,7.813124330088297e-05
2018-05-17,-0.002415636623159138,-0.0021843987349476385,-0.00231515416385879
2018-05-18,-1.510665771580558e-05,0.0014900747393767869,0.002506427959456027
2018-05-21,0.0020926507532282664,0.002135314032402484,0.002334017217525514
2018-05-22,0.0009698039071126451,-2.837983422871619e-05,-0.0002441905617100789
2018-05-23,0.0030475353258706977,0.002914730401885065,0.003786660799392383
2018-05-24,-9.926623167239178e-05,-0.00032841026304166116,0.0009345281663377528
2018-05-25,-0.002538668355627532,-0.002538999301141182,-0.001633904615334881
2018-05-29,-8.429620129481925e-05,-0.0009168113064552161,-0.00012162818295560197
2018-05-30,0.000779849331509981,0.0011924629207348404,0.0009566186619711411
2018-05-31,-0.0017612497532446586,-0.0004304863333300834,-0.0005584086050790366
2018-06-01,0.002807158327831304,0.002086547300894642,0.0019124574148438472
2018-06-04,0.0010445354273372358,0.00128214491210868,0.002259328744124839
2018-06-05,0.0029230026197611383,0.0028386237204980087,0.002319440360643259
2018-06-06,-0.0037244907304742675,-0.0029696107913267916,-0.001402924812014394
2018-06-07,-0.0057811125366273326,-0.004954984717693497,-0.004971167297779667
2018-06-08,-0.0019943685537116866,-0.0021025968824932113,-0.0003817476453971885
2018-06-11,-0.0020631540976216505,-0.0018571671994745838,-1.892618126782136e-05
2018-06-12,0.0011336251047618761,0.0009267703467149669,0.0011237589576823393
2018-06-13,0.0016988476706137328,0.002059256246536645,0.0017831045705768087
2018-06-14,0.0002681560533333076,0.0005629541813914091,0.0005713556539544286
2018-06-15,-0.005055139955868123,-0.004792467404332915,-0.0034954708984686615
2018-06-18,0.00238701814504152,0.003053782864594181,0.004174469022641103
2018-06-19,-0.0024932386507237206,-0.0024958202215415795,-0.0031499340240482
2018-06-20,0.003544760577308627,0.0031742385314295235,0.002937511787439521
2018-06-21,-0.0011529573807282777,-0.0013343472074878074,-0.0029493692962051536
2018-06-22,-0.006132371593133623,-0.005015916679711712,-0.005336392154548649
2018-06-25,-0.00808598401778826,-0.007062430905063442,-0.008709715214540885
2018-06-26,0.002362959776023021,0.0021207302820782253,0.0020771656866712986
2018-06-27,-0.004262843775751119,-0.0035922275325200137,-0.0053282779313712945
2018-06-28,0.0019916695045993286,0.0021037012856855632,0.002628194553307149
2018-06-29,-0.000940593168523312,-0.0007591428445886598,0.0006932544692602629
2018-07-02,0.0032471831882459916,0.002965264460495439,0.0036321589158608623
2018-07-03,-0.004666740029102367,-0.003678790011489916,-0.004072285349390794
2018-07-05,0.0002656772404166015,-0.0007292941066811652,-0.00012222050796952845
2018-07-06,0.0007454263321931844,-3.591128327327552e-05,0.0018730145743971196
2018-07-09,0.002881960793282075,0.002417587881173361,0.0019241594473573976
2018-07-10,-0.0007213168632754775,-0.0008508776405463368,-0.0009852860287509512
2018-07-11,-0.0017185859037371124,-9.542624726114029e-05,-0.000245309813274359
2018-07-12,0.005824105150528352,0.005837970476059441,0.005197570313213463
2018-07-13,-0.0017509642129183037,-0.0016436945476834652,-0.001594052999324923
2018-07-16,-0.0007695945540481078,-0.0010188086318754425,-0.001966953489118146
2018-07-17,0.0010940171064255167,0.0003623926750982408,0.002083798135019453
2018-07-18,0.0011982301374128138,0.001047210716077511,-0.00018973570250433198
2018-07-19,-0.0034162790705723743,-0.002435027686597043,-0.0022480364235956713
2018-07-20,0.00017575619894763555,0.0009078483263436756,-7.450963444720967e-06
2018-07-23,0.0016012713092159753,0.0017677149403506006,0.0004144480986150755
2018-07-24,-0.004576959875622991,-0.003455272818852303,-0.005301107353916432
2018-07-25,0.0021860101365488763,0.002347581973115096,0.0038331637776313396
2018-07-26,-0.00023330194355281368,-0.0022209643449947803,-0.0017609319573046944
2018-07-27,-0.007255681022149077,-0.007717287229579709,-0.008342797406844403
2018-07-30,-0.011036880403826832,-0.011080242225302067,-0.011003784807677486
2018-07-31,-0.0021509326890707674,-0.0021798991267578506,-0.0030726300248998684
2018-08-01,0.0026087468787660247,0.002463865362810073,0.004808187541985351
2018-08-02,0.00252367640663535,0.0016401152799270509,0.00683595981906036
2018-08-03,-0.003409486925127569,-0.0031119840838281384,-0.004283692174972537
2018-08-06,0.002689106996007426,0.001955247192609285,0.003285048712760842
2018-08-07,0.0006017281360620606,0.0010110591705119233,0.0015625436986495505
2018-08-08,0.003658726563034828,0.003514832488264261,0.001623331118700743
2018-08-09,0.0018821299199836554,0.0026509458259429785,0.0019301147695011116
2018-08-10,0.000985833317319287,0.0018023612968007315,0.0025466894021314132
2018-08-13,6.129506768753756e-05,-0.0006763171125623321,0.0018206614044684619
2018-08-14,0.0024430799109855937,0.002496135921668764,0.0005514833601152412
2018-08-15,-0.006110081428567289,-0.004899623874734468,-0.003306893472783546
2018-08-16,-0.0032744971567814775,-0.002347069449127115,-0.005801766550283903
2018-08-17,0.0007850566516705573,0.0015206447024317827,0.0007974521410344463
2018-08-20,0.0021925204181633077,0.0020486712845672076,0.0023635670660671505
2018-08-21,0.0019989680724717377,0.0010858741407463331,0.001133700578379387
2018-08-22,0.005993977859673987,0.004965692202590363,0.004933162459317219
2018-08-23,0.003238930627429361,0.0027287263941340595,0.003932612908319002
2018-08-24,0.005561183022224156,0.0041397228959062365,0.0056035364151553815
2018-08-27,0.00043940430583066224,-0.001228996752863194,-0.001583020040406744
2018-08-28,0.002061463918700631,0.0018612984925004184,0.0010463062098198328
2018-08-29,0.0025689871703583004,0.0028918061705476904,0.003770499415029618
2018-08-30,-0.00021271915943796383,-0.00022076521379051854,0.0019508961171299133
2018-08-31,0.00140675580617602,0.0013904241178644397,0.0008643829804223723
2018-09-04,0.004997025033747676,0.003921609029966204,0.003517731634334326
2018-09-05,-0.009308063381641335,-0.008164472156691624,-0.008874301524901495
2018-09-06,0.0006352673842257542,0.004222029958391806,-0.0026464272597673533
2018-09-07,-0.00018655386964879569,0.0005244535315908011,-0.0018651758869416967
2018-09-10,0.0022696394876791917,0.00018069353875342777,0.0028602025530754297
2018-09-11,0.00424428178676242,0.004987533692014497,0.002471185393209592
2018-09-12,0.0003807474009126352,-4.677956213536226e-05,0.000790214793538142
2018-09-13,-0.0001842143804511067,0.00014238312088943767,-0.0003760028647010714
2018-09-14,0.0006599271966698227,-0.0009793339422741634,7.854857601525736e-05
2018-09-17,-0.005923371306909922,-0.005182182942267675,-0.004900588484198242
2018-09-18,0.003727860303207381,0.003610885022158353,0.0018089596444314535
2018-09-19,-0.005714454711226989,-0.0054022954829130694,-0.00859628862886724
2018-09-20,-0.0008079013498307577,-0.0008403108336406992,-0.0002765928716452178
2018-09-21,-0.0025641500977531973,-0.0017238543625949238,-0.0007981728336779753
2018-09-24,0.007081794003329513,0.005607628863090784,0.007486005538108914
2018-09-25,0.00472102562644728,0.004774673987573578,0.003385167013508935
2018-09-26,-3.7914530955382705e-05,0.00015376607115379166,0.0006814342515084913
2018-09-27,-0.00010479766886674172,-0.0004022714917390567,0.001543462783997383
2018-09-28,0.0024287984823081195,0.002832110049197243,0.0032222212939387006
2018-10-01,0.0002220664999055553,-0.0005286538056100285,-0.0011424321113642705
2018-10-02,-0.005065579477325667,-0.004750207446945798,-0.0055811436510194165
2018-10-03,-0.00016156454270139928,-0.00038486461101101973,-0.0025344166877890656
2018-10-04,-0.004842045607211405,-0.003993501609249964,-0.0035192672833260913
2018-10-05,-0.0026495544874286544,-0.0017035170721812999,0.0005113985744894227
2018-10-08,-0.006214698806361909,-0.005314842171165079,-0.003537927549979451
2018-10-09,0.0024589546817454103,0.0024764146320268654,0.004682305329488099
2018-10-10,-0.010101217482168754,-0.008660852589761086,-0.0044069125107800075
2018-10-11,0.0052322737770784606,0.004693524853958309,0.0030382556029789143
2018-10-12,0.010485823085078673,0.009652964764699516,0.007533504203892219
2018-10-15,-0.006198893533493681,-0.005349477966037918,-0.003668264830349723
2018-10-16,0.006336279775644148,0.005334105605757736,0.004976594691468854
2018-10-17,-0.003187404462896558,-0.002815989667202724,-0.002880440951117525
2018-10-18,-0.002464055862532091,-0.001159516103181389,0.00249076555584344
2018-10-19,-0.010329073245075216,-0.008738295680827231,-0.004317437059781549
2018-10-22,0.006912176710575321,0.006382120357887603,0.007510490465210619
2018-10-23,-0.005616958243184193,-0.0058843061916722065,-0.0024264221683663193
2018-10-24,-0.007238035927107608,-0.004896088322978263,-0.0009203627216653963
2018-10-25,0.00363986668597667,0.0019807887521343364,0.0022892268048269587
2018-10-26,-0.005080254749599724,-0.005456486890238632,-0.005102888461368478
2018-10-29,-0.00764187135498277,-0.006022321247072879,-0.005852212821623454
2018-10-30,-0.0009160422621440505,-0.0018247071376782064,-0.0025575088154142656
2018-10-31,0.011104377503731468,0.010285531284519112,0.007827326809585337
2018-11-01,0.004046470604368849,0.0019515117335894953,-4.609267566589855e-05
2018-11-02,-0.004960341486124072,-0.004544417795100233,-0.00487714724637996
2018-11-05,-0.002486845340716765,-0.0018866294526580852,-0.0010865745001430729
2018-11-06,-0.002780270873018023,-0.002882290404648648,-0.0029680657132226426
2018-11-07,0.011325642221036637,0.010609835940589877,0.007130807221409541
2018-11-08,-0.0030436541239164472,-0.0018379163923808522,-0.0031396333006859928
2018-11-09,3.8430720947184394e-05,0.0010861728620180902,0.0036204935614520184
2018-11-12,-0.0036379181548084555,-0.002811175517823699,0.0005408147189959775
2018-11-13,-0.0037387782970246227,-0.004251844515872406,-0.004745893960016979
2018-11-14,-0.002186059901810538,-0.0020385452936917633,-0.0004258116381956373
2018-11-15,0.0028731365782773536,0.001982601263917199,-0.0016285292443635835
2018-11-16,-0.005250023502439516,-0.0030229024699553577,-0.0005309494818308024
2018-11-19,-0.011883332045807953,-0.009794160660490419,-0.0035924704260244652
2018-11-20,-0.0013366008034332293,-0.0021764631701442667,-0.003658395740282074
2018-11-21,0.0006019898422783552,0.00019042073908481707,-0.0002574451928010861
2018-11-23,0.0026596114426697655,0.002972304339165802,0.003070020545132266
2018-11-26,0.0009897701446289187,-0.00016477543951612554,-0.002463033279518141
2018-11-27,0.0024031697583181567,0.002633953668589949,0.002752111230662831
2018-11-28,0.008167858474050882,0.007269617753751246,0.0009324241243940292
2018-11-29,0.0030972036310419103,0.0034275711244909357,0.004176563357353401
2018-11-30,-0.0002649304641011464,-0.00032669400903223534,-0.001636655597571622
2018-12-03,0.0031659897464004993,0.001388698538157501,-0.00244754817002753
2018-12-04,0.0031798579304166317,0.004068133854355717,0.008171627919837552
2018-12-06,0.004676458384372847,0.004347122754913427,0.0012692386736486625
2018-12-07,-0.004289790710970478,-0.003292396437858384,0.0035016467158380097
2018-12-10,0.004441253901685664,0.003847702030175101,0.0014637603205215008
2018-12-11,0.0026455295462231654,0.002832444096873936,0.00231262218289045
2018-12-12,0.002450862050800632,0.0014367746012211907,-0.000940731113342288
2018-12-13,-0.0006709848537949361,-0.00047997154047665214,0.0015286137786119727
2018-12-14,-0.006001990913509148,-0.005220153083190644,-0.0028818039828812187
2018-12-17,-0.00808602068338975,-0.007261920043567474,-0.005183034154706394
2018-12-18,-0.0005755499222179996,-0.001024341500390861,-0.006268445039947167
2018-12-19,0.0026508749686939893,0.0028974797325008518,0.005962496348295326
2018-12-20,-0.002195444789936979,-0.0014196753413440973,-0.0021994792240322817
2018-12-21,0.0007251714870601098,0.0017481177033682013,0.006347231916220287
2018-12-24,-0.001139427690208476,-0.0009372615625552244,-0.0007506943561639414
2018-12-26,0.0016320281317462734,-0.00012399707783254752,-0.006641244544557203
2018-12-27,0.0003229080464488289,0.0004537601692607156,-0.0016089466142939013
2018-12-28,-7.216091955497355e-05,-0.00045911276480609326,-6.217552507865358e-05
2018-12-31,0.002374388444612472,0.002288972049665082,0.001580419586330736
2019-01-02,-0.010350950459607747,-0.010711751628823362,-0.010717244158954151
2019-01-03,-0.00167545210747406,-0.0008266968857404297,0.005977704458346406
2019-01-04,0.00040130449386273283,-0.001855320420964511,-0.004783610504962906
2019-01-07,0.001356185658881333,-0.0009709629446815987,-0.003469660822825947
2019-01-08,0.00629244147702964,0.0063292697086789855,0.004907329685983782
2019-01-09,-0.0009679481163316213,-0.00206485899533874,-0.0051528171013178236
2019-01-10,-0.0024299834148256085,-0.0023009599986403054,-0.0032051784264746567
2019-01-11,-0.0006399694453959625,-0.00042182532964534305,0.0003830126198626687
2019-01-14,-0.004448316075290913,-0.003955189356542739,-0.0028229008667098356
2019-01-15,0.006743380571181121,0.0057217761371321,0.003975683369541486
2019-01-16,-0.00623287146178828,-0.006690574135432679,-0.006624632640463972
2019-01-17,0.0001677132919601576,9.150965138043582e-05,-0.0006279295712298775
2019-01-18,-0.006030396525279794,-0.004405363304676188,-0.005281258391844475
2019-01-22,0.006271329222057091,0.006609593518926506,0.007750644238959234
2019-01-23,-0.00012579275511394121,0.00041836856551146515,0.002508933197305563
2019-01-24,-0.008248384280366812,-0.007156223307444999,-0.013581782151554533
2019-01-25,-0.005386470498859661,-0.005097305106953832,-0.006865747932247326
2019-01-28,0.0008736867154801337,8.036886934298616e-05,0.0004677672644057492
2019-01-29,-0.001057288266212682,-0.0013961506555091661,0.002303966487840549
2019-01-30,0.0037507437634044334,0.00370873266517556,0.0011758201408273998
2019-01-31,0.0032901632485534066,0.002979797940578827,0.0012260290807489143
2019-02-01,-0.0001822897736213991,-0.0005801094760571943,-0.001872958172612646
2019-02-04,-0.0011473040337359377,-0.001522240368303731,-0.0037245128144086084
2019-02-05,-0.0012866375539279872,-0.0011493862387416318,-0.0017943366985990084
2019-02-06,-0.0034060311734748095,-0.0027364706550144554,-0.0032068698473219606
2019-02-07,0.003553916965966952,0.0038978471635685535,0.0034374125105463434
2019-02-08,0.003509902052686698,0.0033369376819540747,0.0032809378303872575
2019-02-11,0.001169387108355114,0.0005935653621421573,0.0010863089728295789
2019-02-12,-0.0012230936364816239,-0.0015545415620664773,-0.0026494955740366003
2019-02-13,-0.0037047717305624395,-0.0028168924744203156,-0.002915092789621754
2019-02-14,0.002983708199003588,0.0021551204048907767,0.00093946478293951
2019-02-15,0.00020635016217874672,0.00013946639376938953,0.0004920817396655746
2019-02-19,0.00032959604043461695,0.0003793483111351586,-0.0001979823997181319
2019-02-20,-0.003095576827135113,-0.0025449912166551924,-0.0022848751973761844
2019-02-21,0.0030269755016774495,0.0038695577136916327,0.0034333804353009812
2019-02-22,0.0013640593342639682,0.0011156433451468566,-0.00043184377937028885
2019-02-25,-0.0040473504891661545,-0.004225688637830058,-0.002543801319609296
2019-02-26,0.0004001106920997942,6.716517507195517e-05,-0.0005733078187187351
2019-02-27,0.0009935356387934266,-0.000251361972650022,-0.0006946481161632852
2019-02-28,0.002797804787570649,0.003190718883881069,0.004305856170462044
2019-03-01,-0.0009036216399124919,0.00021656893183404603,-0.0027221588967468935
2019-03-04,-0.00493886835359083,-0.003899200514779374,-0.004447844582860806
2019-03-05,0.001108775424407993,0.001960722841361123,0.000827858865153331
2019-03-06,0.00013024274789183205,0.00043867745748177723,-5.7069237425446035e-06
2019-03-07,-0.0005242410448562521,0.00035486482170206363,0.0002606978910454906
2019-03-08,-0.0014723609862927946,-0.0014308999292856122,-0.0019783628838165265
2019-03-11,-0.00021512584026343583,-0.0009661043039311772,-0.0020070624155427933
2019-03-12,-0.00029349601179081764,0.0004217223755980852,-4.564183405113986e-05
2019-03-13,-0.0006506088036940061,-0.0008776829162011008,-0.002101113845891246
2019-03-14,-0.0009473916789689629,-0.0009117464062531405,-0.0010188678563549716
2019-03-15,-0.0013977825420569139,-0.0006881042646544739,0.001358471545374443
2019-03-18,-0.0035508350200847034,-0.0036593788460777305,-0.003675992118018958
2019-03-19,0.002833392710262663,0.00247907288993878,0.0030073886339543284
2019-03-20,0.003792269749738274,0.0032962471062255483,0.0025381654292532378
2019-03-21,-0.0004525489393264187,-0.0008660902151558349,0.0009225467982523482
2019-03-22,0.002528475760095342,0.005025734306768899,0.0010242945114526652
2019-03-25,0.0029873130661665285,0.002854454443783746,0.003193068779183079
2019-03-26,-0.0021134337539604037,-0.0021691872337157906,-0.0022852008350786267
2019-03-27,-0.0003120747625299404,0.00038852057977779993,-0.0002657736721138161
2019-03-28,0.0004092100899575647,0.00013922719640799562,-0.0001524192103499885
2019-03-29,-0.0002513168844677253,-0.00047762532078833336,0.0002863334763252109
2019-04-01,-0.0045369286422805594,-0.006617084304159574,-0.004728942081095887
2019-04-02,-0.0003546231442287515,-0.0004992253246625901,-0.0009572599140526661
2019-04-03,-0.0012656569554539447,-0.002091783480830937,-0.001450705262252662
2019-04-04,-0.0033760049083771163,-0.0018877234097071734,-0.0033255039623768827
2019-04-05,-0.0011579750514197561,-0.0010818029986039304,-0.0009534951298491888
2019-04-08,-0.00149889183746944,-0.001314890976363934,-0.0014677102175886607
2019-04-09,0.0023967224270088276,0.0027846209218030265,0.004520159822838046
2019-04-10,0.001358547099346594,0.00028197108175340244,0.0007002200857718136
2019-04-11,-0.002862739695249682,-0.0028190635660245776,-0.00043460572402090846
2019-04-12,-0.00512178465714265,-0.004207713868451949,-0.0026771135951585583
2019-04-15,0.002339088550273761,0.0028994340582416357,0.0008215976614837161
2019-04-16,-0.00813886670277198,-0.008281361071447042,-0.0076240227417519405
2019-04-17,-0.009186143280323729,-0.007330930917346855,-0.006228096183078787
2019-04-18,0.00029094314965024597,0.000413704173768565,0.0015037202067982758
2019-04-22,0.0005290623143813712,0.00015768433275718894,0.0008829485387759219
2019-04-23,0.0005249108507917954,-0.00037767148359835846,-0.0029683131851297416
2019-04-24,0.002635316299684109,0.003096453850131049,0.0033377552356398635
2019-04-25,0.004710156498329718,0.0039114848791006315,0.00604063349646698
2019-04-26,0.001378003614215782,0.00121563463857078,-0.0014658053393103885
2019-04-29,-0.0035434667832226928,-0.003747381121329098,-0.00311307467364184
2019-04-30,0.0026361487508740557,0.003594939540030654,0.004433615624861081
2019-05-01,-0.0021782078208269573,-0.0018675241382416273,-0.0017167175432153193
2019-05-02,2.792446290426913e-06,-9.247626901670949e-05,-0.0002992669187431222
2019-05-03,-0.001670478884212111,-0.002571553954811475,-0.0008350262542198025
2019-05-06,0.002052232907751775,0.0021404522877182613,-0.0021282127889483897
2019-05-07,0.0010429384413677292,0.0025628363128162948,0.0010714716378619803
2019-05-08,0.0024551315115394347,0.002492659491561923,-0.0008213491176100452
2019-05-09,0.002661655983221819,0.0025538242698708614,0.00015219529880506542
2019-05-10,0.0014792007540502187,0.0022619272310679143,0.0014847935694213032
2019-05-13,0.0034348850670525874,0.006294843877704357,-0.0014603208275330345
2019-05-14,1.7296179216733235e-05,-0.0014488306149931427,0.0020835163787133503
2019-05-15,0.0018657226490091652,0.0021410630982201455,0.0036016979663888874
2019-05-16,0.005272845083744494,0.005211708212818569,0.002504495944822373
2019-05-17,0.0018961864461298477,0.002883009377541408,-0.0012766910092941708
2019-05-20,-0.0013795141820190945,0.0009013377850896667,-0.007312207129815304
2019-05-21,-0.0024486791604617928,-0.0036440569598454355,-0.0006732612702374696
2019-05-22,0.0012566614020053746,0.0022136776581897786,-0.0015429944595597607
2019-05-23,2.727027544411877e-05,0.002291188108798235,-0.002753651255407356
2019-05-24,0.0011483026531959577,0.0008492580108304564,1.192013856382088e-05
2019-05-28,0.004860350211721212,0.003169823933242823,0.004011486903461084
2019-05-29,-0.00267010992353459,-0.0027663134055989206,-0.0002245278375791776
2019-05-30,0.0021556548623448413,0.0021885800161278086,0.001027622884770255
2019-05-31,0.002239129629669788,0.003704922935989863,-0.00028972578662045314
2019-06-03,-0.0028132447094525777,0.0006113765755751654,-0.006029356686553928
2019-06-04,-0.0031330450499573808,-0.00608595269327846,0.004356726251579152
2019-06-05,0.0055648605732782136,0.0058540209596237985,0.0028516774146253995
2019-06-06,0.0025986564362479687,0.0021761234004046394,0.001973957566628706
2019-06-07,0.0017516625179551605,0.0006629364689824275,0.0011488342697550445
2019-06-10,-0.0015172136836332575,-0.0030000458275912306,0.0016305648980785674
2019-06-11,-0.003409344351840075,-0.002967018851976649,-0.0025959414594022
2019-06-12,0.004811658593413657,0.005937130103690694,0.0004357196334347495
2019-06-13,-0.00268121736349009,-0.002735666685846335,-0.0009609225511379238
2019-06-14,0.0006622190821552681,0.001721489346387573,-0.0017582602645108466
2019-06-17,-0.0032718810508407764,-0.003065155546862204,-0.0034017535478009617
2019-06-18,-0.0023983535759868014,-0.0037712685823900528,0.0036199492206750233
2019-06-19,0.002184738541379051,0.002016789559043495,0.0018913415594086795
2019-06-20,-0.00023227735294933203,-0.0005226921160180796,0.002316599307132266
2019-06-21,-0.003136007449543031,-0.00281504070730358,-0.0032773727814245247
2019-06-24,0.0047785776418843165,0.004915952430989935,0.0018226955402635976
2019-06-25,0.001801299649171515,0.0028197885155246388,-0.0010415196451336111
2019-06-26,-0.00789762130262364,-0.009411223347181768,-0.0002577764060626835
2019-06-27,-0.0018726255240023137,-0.002153604399331408,0.0002644887458800828
2019-06-28,-0.003426820147464567,-0.0036487646646602705,-0.0017798993319022938
2019-07-01,-0.0002529679324161907,-0.001056917903741949,0.0019283995032370088
2019-07-02,0.005202302207349601,0.00569868100514204,0.002363215129909809
2019-07-03,0.0008437108811291695,0.0013912861653570185,-0.0005857341003881307
2019-07-05,0.0012796318600436186,0.001014799398591061,0.0017417232517762636
2019-07-08,0.0023948459509218487,0.00254702621971912,0.0010747895583485116
2019-07-09,-0.00018364534539846154,-0.0006628975290488535,0.0011431838201058397
2019-07-10,0.0009657345301235442,0.0010702833778775598,0.0003799259878300305
2019-07-11,-0.002869966316929471,-0.003369076745322582,-0.0015451356012780508
2019-07-12,-0.004451388563329672,-0.004900384150218305,0.001120603454781053
2019-07-15,0.0014418672201810868,0.0013665396811089105,-0.0001622689009956466
2019-07-16,-0.0008683522922911824,-0.0003086119437376503,-0.0006641033304259192
2019-07-17,0.000530481590800898,0.0003729520637969954,-0.0017117871216672264
2019-07-18,-0.0006331972326876798,-0.00015107553472154702,3.511973001019998e-05
2019-07-19,-0.0028081617205502492,-0.0032913590282076105,-0.002252828124030265
2019-07-22,0.0007725275066076854,-0.0001332559979987585,0.0054180891551333515
2019-07-23,-0.004147211968197589,-0.0039764657932505896,-0.0024547623742762962
2019-07-24,-0.0025247479918133497,-0.003677500354367854,0.0024282383025879123
2019-07-25,0.0030153492105489733,0.0031671268867863095,0.0007365575638688686
2019-07-26,-0.0002802218662214439,-0.00022831266108822937,-0.0011598747327871601
2019-07-29,0.000692974676909563,0.0015056205095986758,-0.0021469508896799915
2019-07-30,-0.002671162910643589,-0.0028269264025444114,-0.00100602308232487
2019-07-31,-0.003820686786565901,-0.0021358848216198275,-0.004529221926877825
2019-08-01,0.005716285307489363,0.006455947071118225,0.00018526692138529698
2019-08-02,0.000956465177618465,0.00216402948430967,-0.002748652973340742
2019-08-05,0.0009536571878712562,0.002259372471366147,-0.004567975436016565
2019-08-06,0.0031936417890929916,0.00298704485738182,0.004414667618503613
2019-08-07,0.003509045618509629,0.0036401960054690203,0.002831569029629927
2019-08-08,0.0030715672657113465,7.972803343985532e-05,0.005107590752534049
2019-08-09,0.0022640723283470486,0.0026742520497242133,-0.001887273154878034
2019-08-12,-3.3248879148217256e-05,0.0010423582735852026,-0.00036249671334401273
2019-08-13,-0.0015043309290810748,-0.0022735668580171637,0.0017396594196731666
2019-08-14,0.0017135245755278956,0.003691183185956014,-0.0005454065569465371
2019-08-15,0.005010138531525373,0.005994223810029218,0.0010895504929810094
2019-08-16,-0.002064650255578375,-0.0032081712939726953,0.0018350421275375518
2019-08-19,-0.003132976427979676,-0.0035599287908640574,-0.0012424031071609977
2019-08-20,0.0008809655197513528,0.0009203381239157103,0.0015683348122004055
2019-08-21,-7.4464641284076525e-06,-0.000696925647939365,0.0006692905852249061
2019-08-22,-0.00019023722309804552,-0.0002235160551943062,0.0005243576282789732
2019-08-23,-0.00045900305291382765,0.0013935243338994657,-0.0036455865684571188
2019-08-26,0.0012177691195304208,0.0009092810436881732,0.00048000726134735474
2019-08-27,0.005472631093125986,0.005850466068267142,0.005336354379203037
2019-08-28,-0.0027170752934253784,-0.002682223526771456,-0.0026611324393445027
2019-08-29,-6.0000194186568546e-05,-0.0010982557805398283,0.0016468687799015582
2019-08-30,-0.0013885054774735418,-0.0016221240795159931,-0.0009446094016672122
2019-09-03,0.0029212564690683594,0.003941967192785301,0.0008936522508760012
2019-09-04,0.0019163982243974715,0.0012143204488477713,0.0033661625298806487
2019-09-05,-0.004629717209987014,-0.005733406698051791,-0.0032516315260403468
2019-09-06,-0.0001459563898674942,0.0006388975534207958,0.0004620271222310432
2019-09-09,-0.010585491310975335,-0.010936308152503089,-0.00957454523107771
2019-09-10,-0.012166090933235715,-0.012511818775765838,-0.011714600001804337
2019-09-11,-0.0022383741748015196,-0.00258679557848418,-0.0033225456765533816
2019-09-12,0.004486421603493565,0.004629624931613784,0.0049952977188250074
2019-09-13,-0.004160916522184682,-0.00442774926674629,-0.004211656126140196
2019-09-16,-0.0028637155285549387,-0.003632610715177177,-0.004227860803182149
2019-09-17,0.0053316206748301375,0.005423931626657091,0.005140125058029501
2019-09-18,0.002681042354123046,0.0027555588716249736,0.002710970573720385
2019-09-19,0.0013406208484996536,0.00158593366545415,-0.00022888115488071102
2019-09-20,-0.0012925621376232855,-0.0009969557240082597,-0.0021393659313393033
2019-09-23,0.0023222177832178904,0.001965660853966492,0.003013834355763674
2019-09-24,0.00266130199251918,0.004462473797847994,0.0035794624596091505
2019-09-25,0.00048726099127443926,-0.00011261388633134565,0.0008698140067059961
2019-09-26,0.00459170941196105,0.005005296522821862,0.003609632910814841
2019-09-27,-0.008318592514273332,-0.004822180591182837,-0.00523313313501688
2019-09-30,0.0012356272654803846,0.0011982185049556132,0.0007832804161459853
2019-10-01,0.0027932180041234022,0.0026256001328418235,0.0044444107580259885
2019-10-02,0.00041076226672114306,-5.843713269284644e-05,0.00034990663156540184
2019-10-03,0.0034493631777181245,0.002448962574405878,0.0020963841576186787
2019-10-04,0.0023398397843342957,0.001993977101123513,0.002199042309266973
2019-10-07,-0.0032973198083863942,-0.003230023348474331,-0.0023867334221356275
2019-10-08,-0.0036371829435024807,-0.0015576410075594572,-0.0019278726258781138
2019-10-09,0.0026606936245705893,0.002210019051540246,0.0021866278681935726
2019-10-10,-0.0029479979730346836,-0.00330379485859908,-0.0015660281510685437
2019-10-11,1.679946964679346e-05,-0.0029978885953959333,-0.0009926451323739307
2019-10-14,-0.0021599521371161025,-0.002415707671234743,-0.001417016888895807
2019-10-15,-0.002565103774769538,-0.004561395188188083,-0.00296921406620484
2019-10-16,-0.003040685364739443,-0.0015131020736811134,6.359444221145327e-05
2019-10-17,-0.0027368452909611388,-0.003046077880067475,-0.001648885533033641
2019-10-18,-0.0028889046039233634,-0.0006499383163689775,-0.0002772252771529716
2019-10-21,-0.0012607729308416384,-0.002932359987099931,-0.0003335033540244778
2019-10-22,-0.008808504155237717,-0.009083906669218655,-0.006163472429525037
2019-10-23,-0.004781876024791262,-0.003681420342130612,-0.003993286048616489
2019-10-24,0.008565316232408806,0.005339639511152066,0.004988082192004843
2019-10-25,-0.0017233613199515243,-0.004934104981119915,-0.003747516607848044
2019-10-28,0.0023117827058736105,-0.0006474296271501874,0.0008083837028074545
2019-10-29,-0.0044001547557521595,-0.0028088142983376152,-0.0035822696585549882
2019-10-30,0.0036870045899273837,0.0031283062784986946,-0.00040569355357889913
2019-10-31,0.0015248460432071842,0.0017370594640961287,0.0020664622479837367
2019-11-01,-0.0016228618245165073,-0.00435163181346893,-0.0039748359933937175
2019-11-04,-0.004306102514529799,-0.007528852510880724,-0.00947156105761857
2019-11-05,-0.0040031095508893865,-0.00411850939615964,-0.00424076485617861
2019-11-06,0.0007601459488959419,0.002785093999519555,0.0027470650273920057
2019-11-07,-0.0010026040540224558,-0.002585057868200902,-0.0023384129503265984
2019-11-08,-0.0015366625429222326,-0.0023802573887420405,-0.0017362925272565576
2019-11-11,-0.00038337243736088697,0.0001761998601298201,0.0002142640546438213
2019-11-12,4.4969549538960184e-05,-0.00027976678299466816,-0.0009192702486505886
2019-11-13,0.003901801266351979,0.005490431162201656,0.0049391374961305235
2019-11-14,0.0027359636705407346,0.002491902170626566,0.002720205559864433
2019-11-15,-0.00216461549761718,-0.0031788654312963076,0.0006913817040201021
2019-11-18,0.0034075838268397616,0.0021515853248747817,0.0023001226832824787
2019-11-19,-0.0023068276665366423,-0.0021094058431563732,-0.0016882735142162307
2019-11-20,-0.003773502972879515,-0.0028473261548717585,-0.0016096834266231988
2019-11-21,-0.008644916880812759,-0.008160643626687388,-0.006556398081171313
2019-11-22,-0.0008573175335667837,-0.0007842418882594029,-0.002296240816644209
2019-11-25,0.0005524529374517758,-0.0025909367148865222,0.00011227869001565858
2019-11-26,0.0014710352013111326,0.004789397234557819,0.0021696917214136554
2019-11-27,0.001196585250869947,0.0007219968819825501,0.0009960934550210046
2019-11-29,-0.001157372859683456,-0.0008362579670589761,-0.0011077272086307604
2019-12-02,-0.004110647333679067,-0.002603875218484206,-1.1567762150598512e-05
2019-12-03,0.00021296360884435686,0.0017168714607136634,0.0018759212989673828
2019-12-04,0.0013470129633152176,0.0010456452887381716,0.0024367941973511523
2019-12-05,0.0018943197803786087,0.0022450980189079764,0.0007378902183410587
2019-12-06,0.0004995465006063627,-0.0007072385293325739,0.0008531212448254884
2019-12-09,-0.000969809570242539,-0.0002798569049261024,-0.0011173747871217777
2019-12-10,0.0006553884174692785,-0.00037796604483571086,0.0031334145111042797
2019-12-11,0.002621858534459925,0.0006298622993518553,0.0023042461668337593
2019-12-12,0.002567774205749462,-0.0006468235454041555,0.0038793112498156936
2019-12-13,0.001045188242184154,0.002382711796698943,-0.0009739756947874131
2019-12-16,-0.0006392297652461748,-0.0022275226183679185,0.0018254736329419512
2019-12-17,-9.058943006273022e-05,0.00021629053630368904,0.001082890004509304
2019-12-18,-0.0027133928979569035,-0.0031844503397219686,-0.0012253038098874115
2019-12-19,0.0021727345250050095,0.0009633086002759914,0.00013593124069011868
2019-12-20,0.0006975993219706194,0.0004204365073220985,-0.00015848105037775232
2019-12-23,-0.0009290586581282654,-0.0026632732867357513,0.0016459171243710892
2019-12-24,0.0016898161515711018,0.001204377283702913,0.0013748268294670532
2019-12-26,0.00040186379027057226,0.0003878460812950332,-0.0001022508027682242
2019-12-27,-0.0001814818765694908,0.0009008399309914005,-0.001284646647516941
2019-12-30,0.00039380375538173196,0.0016832512710844294,-0.0001364061939606185
2019-12-31,8.043115210180113e-05,-0.0002884862435538359,0.0005910687631723851
2020-01-02,0.0023006715705831482,-0.001881448617757178,0.003349656100442449
2020-01-03,-0.0001444890398579694,0.0004922364305465616,-0.0009886064936588345
2020-01-06,-0.004184000125784355,-0.0038532156845549515,-0.001594351542853614
2020-01-07,0.002721734725787394,-0.0006984004584665827,0.004673365418652105
2020-01-08,0.0002402223006906827,0.00012847270088937597,0.001087953625749809
2020-01-09,0.0015599845509238017,0.0025733239743872417,-0.0006313178061234823
2020-01-10,0.0006660257150752078,0.0013905429251194546,-0.0005653923242447838
2020-01-13,0.004055365366047285,0.0019427966200949805,0.0018364401926924357
2020-01-14,0.00023943455372498932,-0.00037750682378816827,0.0015470399178911028
2020-01-15,-0.0015695489268080075,0.0010202936378509201,-0.004797331736038175
2020-01-16,0.002695893300927006,0.0020652006396922238,0.0028141980611791862
2020-01-17,0.003206212785796355,0.0033857954672012534,0.0010754685889385715
2020-01-21,0.003969040279998598,0.002879852941482076,0.0013959717147982269
2020-01-22,0.0031110830941926937,0.0025996180045053685,0.0027851390441545327
2020-01-23,-0.001970626516983895,-0.002529435049903177,-0.0014623724992034954
2020-01-24,-0.0009763358038586016,0.00060477333742732,-0.004484603104249258
2020-01-27,-9.448934821794947e-05,0.0029882172954058058,-0.00414067205453197
2020-01-28,0.004457457850067059,0.002272662688948701,0.005117490832862206
2020-01-29,-0.0018729185810833144,-0.00172027644420165,-0.0019872737403019286
2020-01-30,0.0038864948650234126,0.00378387779319118,-0.0009125788602610686
2020-01-31,-0.004948754772081083,-0.0037816319299569853,-0.0053994893113807835
2020-02-03,0.006626525762458414,0.002232546358003274,0.006025158210415392
2020-02-04,0.007679519230718116,0.0023783068390068086,0.008225606672366974
2020-02-05,-0.008815434495759496,-0.0069125740785868075,-0.0015713522884249122
2020-02-06,0.00023169072720322415,-0.0009402000155362034,0.0017260928693876702
2020-02-07,-0.0008421381740215699,0.0004996838683412898,-0.0022548878361342063
2020-02-10,0.0037373314773665564,0.0024286516790398994,0.002478812695482074
2020-02-11,0.0003065015784619818,-0.0014371209835193203,0.0030633358735963315
2020-02-12,0.0011975600384074004,-0.0009738208148931784,0.00014893856337232458
2020-02-13,0.004164933902275354,0.004339283720498809,0.0009648453560378126
2020-02-14,0.0026597596931510854,0.003249425299425617,0.001470999649974767
2020-02-18,0.0006728578256784334,9.921210980635376e-05,-0.0012268747215649564
2020-02-19,0.00531462999436324,0.0020721000340920793,0.005760355429699469
2020-02-20,-0.004217414640153222,-0.0023503256772930813,-0.002360316160664256
2020-02-21,-0.006516137544745598,-0.002868057477107418,-0.005485923193678068
2020-02-24,-0.007084947646292565,-0.0027823001324760255,-0.0034989478936286174
2020-02-25,-0.0017629997459272532,0.000554775065474378,-0.0016135972810298169
2020-02-26,0.00016604234400712894,-0.0001371350308169913,0.0016586272229663123
2020-02-27,-0.004860593706215447,-0.004408317215640783,-0.0043645678801787395
2020-02-28,0.0068533034076500065,0.0010972448150846962,0.0072709753378986
2020-03-02,0.0037942519886957106,0.005271901172855631,0.00348461736330797
2020-03-03,0.0012073881406353551,0.003124903429536018,0.0030055291813875997
2020-03-04,0.002210191013100717,0.0021414973728103113,0.0024950049290057277
2020-03-05,-0.0013147367361884368,-0.0006053132899424839,-0.00032464530873080853
2020-03-06,-0.004662493703447065,-0.003004113167011474,-0.005505106125184285
2020-03-09,-0.00109221686155063,0.003119720232627486,-0.004497412519653915
2020-03-10,0.006482300294998018,0.0026908577623781143,0.006909514588755936
2020-03-11,0.0011860356216290009,0.0023501736628495596,0.004277927428216444
2020-03-12,-0.004835896855105625,-0.002400570076970739,-0.0056682611131256486
2020-03-13,0.007284596875278795,0.0020121353510012645,0.005839768333979176
2020-03-16,-0.011413626675155253,-0.004861896224177742,-0.013898117445725541
2020-03-17,0.005280540774794006,0.0070908645046375675,0.0051977013254005605
2020-03-18,-0.0032917630565630408,0.003487251291539421,-0.006930990810530737
2020-03-19,-0.004729755980538869,-0.009727226298125504,0.007194726584733863
2020-03-20,-0.004404078140393358,-0.004756197319230874,-9.331497958492513e-05
2020-03-23,0.0017113349763947406,-0.0002026299004602563,0.010493672272114332
2020-03-24,0.003964845829478999,-0.0026963548648278085,0.004609228930375273
2020-03-25,-0.007497377865600415,-0.010015473115769752,-0.006309247303402237
2020-03-26,0.001217037342750961,0.0004622336196991397,1.8450718504855955e-05
2020-03-27,0.008247161170865982,0.010257222056842909,0.003512053722720737
2020-03-30,0.007371303700289177,0.007170385736863566,0.00593578538819419
2020-03-31,-0.001813974045065985,-0.001528959994358597,0.002287254748357247
2020-04-01,-0.0031416921949500415,-0.0014190938528014598,-0.0021769781911206397
2020-04-02,-0.006262590341884441,-0.004997809888843071,-0.007543470340852567
2020-04-03,0.00023028802734539877,0.001175487687797023,-0.0012020649699464472
2020-04-06,0.00331454523561164,0.0008978679910450418,-0.0011614781218382496
2020-04-07,-0.004259672035687248,-0.004860297428412051,-0.003991311729196904
2020-04-08,-0.005485257014641493,-0.006148109813740441,-0.005077817642624643
2020-04-09,-0.007579987578167453,-0.00681491230578017,-0.01059025277641621
2020-04-13,0.012186161446229497,0.012102909433749061,0.014834405668939397
2020-04-14,0.01594899316051251,0.015175670538341549,0.016363769024595486
2020-04-15,0.0067861939865229565,0.007273714029705279,0.009036259738906606
2020-04-16,0.018553306701670574,0.017930412541147897,0.018786469058649908
2020-04-17,-0.021319130217589077,-0.020611119069114798,-0.02430573033221801
2020-04-20,0.00603315289698056,0.006035517995329455,0.008864512309925462
2020-04-21,-0.00278386684257212,-0.002647531044171878,-0.0016910650920777379
2020-04-22,0.008518206536145063,0.008290379152913786,0.005357677076397306
2020-04-23,-0.005820968988542901,-0.0059236459492117005,-0.004313966418629707
2020-04-24,0.004400091075265208,0.004291944856551562,0.0031432572401239554
2020-04-27,-0.006198971193874496,-0.005617447270307899,-0.006623554882893967
2020-04-28,-0.011886630709782773,-0.012208264458141374,-0.012397604597104534
2020-04-29,-0.005787896881263009,-0.006813159337674288,-0.008304133921115262
2020-04-30,0.0033189628573731308,0.003947248342059823,0.0076626665692860274
2020-05-01,0.0014426248917947019,0.0021970713396630647,0.0022264175680070334
2020-05-04,0.009445812123766358,0.009312960357009866,0.009052119766917924
2020-05-05,0.008978111985448208,0.008960845945715853,0.007137679957099604
2020-05-06,0.007921480504324296,0.007467925661267601,0.005172765649807504
2020-05-07,-0.0075416232492255516,-0.007709606787167024,-0.008749952317185014
2020-05-08,-0.002251535129413797,-0.002792662807914858,-0.002947794797261379
2020-05-11,0.011994611684958986,0.012301583224640294,0.012304229256991844
2020-05-12,7.439066635402287e-05,0.0009559233295849325,-2.994378119238409e-05
2020-05-13,0.008484301159464408,0.008840673449430719,0.009784229788618391
2020-05-14,0.0010477474415328974,-3.830051943393935e-05,-0.00011939524877365859
2020-05-15,0.0015248878249154044,0.002086430229676868,0.004611673070448261
2020-05-18,-0.02475936230988245,-0.02582151129134604,-0.029034856464846173
2020-05-19,0.006235158529636428,0.005754333344476959,0.005983514731101756
2020-05-20,-0.007025191803929077,-0.00780079129327543,-0.00797747096312817
2020-05-21,-0.005173822304640363,-0.0046867197174894504,-0.006069781056177884
2020-05-22,0.00199846657235235,0.0016421329849690542,0.00212580370392316
2020-05-26,-0.021151329707837833,-0.021406326415775206,-0.024782983353080584
2020-05-27,-0.009442902297449094,-0.009754894536147906,-0.012304998570441449
2020-05-28,0.007219151826155467,0.00838361116420275,0.00986311651838863
2020-05-29,0.011986945880677486,0.01169345641728287,0.012715134686081736
2020-06-01,-0.003112415908292016,-0.0029725809110683348,-0.004091537569623884
2020-06-02,-0.004362923185280464,-0.004706499552818946,-0.004072074077248202
2020-06-03,-0.014869230795946757,-0.015377665602649419,-0.017905498829590888
2020-06-04,-0.008639043769913727,-0.00873326129412507,-0.01134110114468762
2020-06-05,-0.011575502197164828,-0.012117559022449834,-0.01320052666661347
2020-06-08,-0.010088760154784842,-0.01003739877686978,-0.00917902588438117
2020-06-09,0.014594751904346899,0.014576829659999032,0.014597452622654964
2020-06-10,0.02089912975922758,0.02092620648295015,0.022592761902231376
2020-06-11,0.012927592053343796,0.014061253844469102,0.013343302791447444
2020-06-12,-0.011490063982325162,-0.011679025058706966,-0.010877081821200691
2020-06-15,-4.443355317442069e-05,-0.00041330253451397957,-0.0003774638375546661
2020-06-16,0.0015446551649213683,0.0016718969272199987,0.0006384160891040137
2020-06-17,0.010482590663400569,0.010030724867706346,0.009428245440188289
2020-06-18,-0.0005550589646404595,-0.0005738686881498879,0.0001782713470135533
2020-06-19,0.00821229800328862,0.00865685160812833,0.008215741216702283
2020-06-22,0.00562842358543177,0.005727539420770625,0.005884703484762347
2020-06-23,-5.646968320861124e-05,8.849072550956443e-06,-0.00014013766282865557
2020-06-24,0.007024989646392628,0.0070439057941471565,0.006573135049314478
2020-06-25,-0.0007640768981024576,-0.000747498162432741,-0.0004288559406689166
2020-06-26,0.003484372482201946,0.003329597241311521,0.0038791333877285887
2020-06-29,-0.008279948431972111,-0.008325509635861856,-0.008864051380548603
2020-06-30,0.00842865513812552,0.008034253343909508,0.008768526099646932
2020-07-01,0.005759112454422421,0.006560063325957818,0.005705093042338527
2020-07-02,0.0020945248488485426,0.0020012305061172524,0.0009379283790854667
2020-07-06,0.003992847404714408,0.003868471441965693,0.004597949572109931
2020-07-07,0.005391487680733992,0.007074562842531611,0.0051274492396625095
2020-07-08,0.004283873538859074,0.003708495584772386,0.004025582227563966
2020-07-09,0.009106883129466403,0.010518512309963746,0.011464487008621788
2020-07-10,-0.006769581518308053,-0.007793643473320357,-0.008100266314780797
2020-07-13,-0.007752803796772595,-0.0075173310671017264,-0.009912818444895772
2020-07-14,0.0008922004937703995,0.0006911755404837935,0.0007251968227760042
2020-07-15,-0.009248319292971078,-0.009243348067519497,-0.009516261475399215
2020-07-16,-2.964079038381243e-05,0.00036317950010370453,-0.0005023655586751894
2020-07-17,0.0019734230134530375,0.002497214075080477,0.004270294200542906
2020-07-20,0.015272471777834685,0.015321216961216026,0.016636524657531643
2020-07-21,-0.013739561350257154,-0.014144528847471954,-0.01561338479502088
2020-07-22,0.0006482744429718065,0.0006317823986538662,0.002286352786814222
2020-07-23,-0.0070661412320085154,-0.00704961302325369,-0.00846710240082977
2020-07-24,-0.003724316599648213,-0.0035429732043954975,-0.0015332699614926414
2020-07-27,0.010923934639841601,0.010721321044047508,0.012361146327952217
2020-07-28,-0.00526094791703393,-0.004646353205588017,-0.005811920155374037
2020-07-29,0.00488899173266259,0.003788183582079833,0.0034638637126613524
2020-07-30,0.00912037372041491,0.008864338409840371,0.010413037049324756
2020-07-31,0.004453031558447192,0.0047618025303354196,0.005832670405960837
2020-08-03,0.00681353077032627,0.006551402676012383,0.006806582351763762
2020-08-04,-0.0007613505891858707,-0.0014893990742036378,-0.0015373581213845747
2020-08-05,-0.005790618965273342,-0.0057054513669523845,-0.007881922270080041
2020-08-06,0.0011085530283179604,0.001437096350182052,0.002161463395276218
2020-08-07,-0.009774116077365736,-0.00978797083888019,-0.01064139887379637
2020-08-10,-0.01016459742004443,-0.01034521874593161,-0.011503729380679218
2020-08-11,-0.011738057542546736,-0.011461610248392227,-0.012923147266856694
2020-08-12,0.013112704751032125,0.012814369587741127,0.01292174076060313
2020-08-13,0.00486462398045768,0.0051301321809436,0.005227439056492362
2020-08-14,-0.000718224293712139,-0.0009138567963021223,-0.0011576029882454585
2020-08-17,0.011837961330087514,0.012065338669302789,0.012280126098660662
2020-08-18,0.003146524504430744,0.003712515504963483,0.0037294876619844842
2020-08-19,0.0012286220351303441,0.0013572042177655843,0.00012287985690502513
2020-08-20,0.006987950167883806,0.007247556436255502,0.0076405917920124395
2020-08-21,0.002715928018212853,0.00290301988477132,0.0030902826160549616
2020-08-24,-0.010748942777972987,-0.01148463786866855,-0.010711769509177961
2020-08-25,0.003833258675301295,0.00381836220726922,0.0035488350705397418
2020-08-26,0.013599053678375052,0.013719011828214774,0.0134200330660365
2020-08-27,-0.007514040793568428,-0.006688946999233648,-0.007592677246392235
2020-08-28,-0.0017321218508073804,-0.002483643487750768,-0.0020152268956001034
2020-08-31,0.010815325695505891,0.011488007842102164,0.011051645659484988
2020-09-01,0.004265729121531273,0.0033300580045997627,0.005454569187400741
2020-09-02,-0.0007098776437019624,-0.0014513873909914315,-0.0014516938233369162
2020-09-03,-0.01739644597911747,-0.016910075290355327,-0.017413284135929945
2020-09-04,-0.007167351796250021,-0.007217077271943992,-0.008603202348272202
2020-09-08,-0.011168012536699471,-0.009512447299620022,-0.009540779075743579
2020-09-09,0.010516416067884572,0.010988872723996965,0.011267434074836134
2020-09-10,-0.0015734060355350498,-0.0016723564369873324,-0.0008128279112626912
2020-09-11,-0.003593271261158706,-0.0030397756080967914,-0.0037380150205320443
2020-09-14,0.005460436644167146,0.004451400244587796,0.0044616454558678315
2020-09-15,0.0088070240318952,0.0089488365786231,0.010376004621871434
2020-09-16,-0.014584629403390958,-0.015032087924232298,-0.015327554538742561
2020-09-17,-0.0025476278351090676,-0.0023541346673220673,-0.002278288771114004
2020-09-18,0.0012459772904949487,0.0015686733495504897,0.0007346425004810026
2020-09-21,0.014543307399352452,0.014438942475672005,0.015030630058337742
2020-09-22,0.005371313676509052,0.005235671297513975,0.006372971575915756
2020-09-23,-0.0022541996239781236,-0.0018958231093825465,-0.0021337984740228523
2020-09-24,0.0018826804740550986,0.0011129431557205883,0.0017890829704508315
2020-09-25,0.005688281124913538,0.005296298756080026,0.005453695408054837
2020-09-28,-0.0019404364578803263,-0.002462175813555722,-0.0009926833090299345
2020-09-29,0.006961281621011026,0.007121199026210289,0.006250305760014672
2020-09-30,-0.0010200135319789851,-0.0004410833524474354,0.00015426301460300603
2020-10-01,0.005801536007894496,0.005289650527052186,0.005476919257817469
2020-10-02,-0.012183619465747714,-0.011971948667772025,-0.011646599518714294
2020-10-05,0.006138607279712226,0.00530938912978546,0.004352841116182281
2020-10-06,-0.0016341231877750547,-0.0018852351560719517,-0.00036615705963119564
2020-10-07,0.0015589464389306714,0.001256238934328861,0.0021486543092798234
2020-10-08,-0.007129339182648455,-0.007611026688346213,-0.006930028204037951
2020-10-09,0.006258739407213215,0.006191389556606816,0.005000495325773652
2020-10-12,0.003231340159763662,0.003027477718881324,0.004519755778789893
2020-10-13,0.008444730998851624,0.008084456650656284,0.006363040783685587
2020-10-14,0.00023224630825949201,0.00010518139994973985,0.0011931410545739296
2020-10-15,-0.006996924278301723,-0.007363397482657647,-0.0012403094637829554
2020-10-16,-0.001136524645380612,-0.000535369507269941,-0.0038306998301880254
2020-10-19,-0.00028062801263469586,-0.0005177671932517998,2.983701678366538e-05
2020-10-20,0.00014510906950159944,0.00032689975689417734,0.001800588529295295
2020-10-21,-0.001985447740471629,-0.001980523540832971,-0.0023619226726730035
2020-10-22,-0.012725343622725236,-0.012472575903520368,-0.009511690381060903
2020-10-23,0.002457604554150746,0.0025801586971253322,0.0037130483919085135
2020-10-26,0.005303832081934594,0.005846430498053141,0.0025083167923137116
2020-10-27,0.01072546392525433,0.011167816230164435,0.009364040410721869
2020-10-28,-0.004250087041577038,-0.003966719849265625,-0.007801737201448605
2020-10-29,0.003383968505686508,0.002359839218087121,0.006553035769907633
2020-10-30,-0.01232388140878999,-0.011866316236967883,-0.01222761181511961
2020-11-02,-0.005557321248559403,-0.0055261571501073895,-0.005072071575411501
2020-11-03,0.0020999782452032706,0.0012250241511400884,0.0067657865668870765
2020-11-04,0.0154540736679686,0.01494245793723796,0.007944073722981516
2020-11-05,0.007716171023703492,0.006607754906025111,0.010738251680163067
2020-11-06,0.00389943817853725,0.004185344691452891,0.004822267343061015
2020-11-09,-0.05222079979527219,-0.054308732571258136,-0.03384525692335928
2020-11-10,-0.01837857123980777,-0.017143093264443847,-0.01841144559287567
2020-11-11,0.0148930599091071,0.014612819506105133,0.010759994848809261
2020-11-12,0.0053136000154068875,0.005654685689022482,0.002836204656596542
2020-11-13,-0.008404731172025481,-0.00865540879946952,-0.004080329427762585
2020-11-16,-0.009321917737735051,-0.009891981237361727,-0.0008387419442800773
2020-11-17,-4.693027258120526e-05,0.00010373595355707099,0.002896576840473885
2020-11-18,0.002160720422932556,0.001961137907063757,0.0027850981219918343
2020-11-19,0.002974078846992616,0.0027832490984671374,0.0033572744783860234
2020-11-20,-0.00020988944836046006,-6.44696235708015e-05,-0.0018910281961479992
2020-11-23,-0.00927965995452126,-0.010163638582133958,-0.0011304313422965003
2020-11-24,-0.012768357435766388,-0.013204148914752648,-0.003176234540143381
2020-11-25,0.005216700420592863,0.005570755032114226,0.003061474052011661
2020-11-27,0.004024188557932286,0.003635046135661267,0.0010224865511133418
2020-11-30,0.011340954705677609,0.011273536772140144,0.007818332610323926
2020-12-01,-0.0007350422130392257,-0.000788147209075923,0.0005980764815741881
2020-12-02,-0.00973513339985598,-0.009711031189326525,-0.004632707783167332
2020-12-03,-0.00492596581666457,-0.005174552054231861,-0.0010797963600524894
2020-12-04,-0.004660742305417472,-0.005528088659587593,-0.0033582121769309098
2020-12-07,0.007459044581341219,0.007143182408502481,0.007097624816033672
2020-12-08,-0.0010542034320313604,-0.0010792503754715147,-0.0024551404666149686
2020-12-09,-0.009603585322558887,-0.008835308853668027,-0.007002359975293059
2020-12-10,-0.0006084146193737043,-0.0005981640013223746,0.0005233429105911589
2020-12-11,-0.00011825163477756628,0.0002816538307748501,-0.0015423000475309966
2020-12-14,0.009134809491383483,0.008533416341794869,0.002051296442150428
2020-12-15,-0.002251157096129988,-0.0026606293299256565,0.0025660749095483206
2020-12-16,0.0018139380566769476,0.0015022383172525067,-0.0012604394996816942
2020-12-17,0.004579180227299307,0.004966457490982764,0.0008400873856705455
2020-12-18,0.004624732877083805,0.00482722151393927,0.002779815723676623
2020-12-21,-0.0002197459999530736,-0.0004381597371787501,0.0038054120038742874
2020-12-22,0.005846800385625454,0.005537953052053591,0.0029025295738135935
2020-12-23,-0.00936472247705218,-0.009195641239147907,-0.005190027370084693
2020-12-24,0.003260311483081375,0.0031461345152154476,0.0020369800392929195
2020-12-28,-0.001014424949578039,-0.0006261022837306244,-0.00031590293581812797
2020-12-29,-0.001575824455829911,-0.0012322809276464357,-0.0034761317944177195
2020-12-30,0.0012479408061317314,0.0003637098754257289,0.003706194718546569
2020-12-31,-0.0015608898236136668,-0.0015729442340909096,-0.002454360935966348
2021-01-04,0.0029994446123939762,0.0034164827992429264,-0.0004886407577845678
2021-01-05,-0.0008351142264677768,-0.001430404909774579,0.002016558834927633
2021-01-06,-0.011290738807812147,-0.012200182932712139,-0.005752822578261399
2021-01-07,0.009729909782278476,0.00878342667732897,0.007383464073200631
2021-01-08,0.0034148893527499212,0.003697666322365573,0.0019484966369461914
2021-01-11,-0.001815824419830276,-0.002117023200675534,-0.0014640302946128145
2021-01-12,-0.001468704926158115,-0.0019642433598715545,0.0020944969957709114
2021-01-13,-0.0004646610008430121,-0.00019441271283071273,-0.003160692470925169
2021-01-14,-0.0036885771611596843,-0.004575096149420542,-0.0007260274467526796
2021-01-15,0.0022920027334636032,0.002540673178370186,-0.003627965691486716
2021-01-19,0.003818373787254087,0.002351576426566692,0.0017817754802754544
2021-01-20,0.0052218682941766546,0.005403135689355169,-0.0009135497870412592
2021-01-21,0.005473089840001231,0.00519534316645921,0.0023923786577631236
2021-01-22,0.003360461663611494,0.004000214448001232,0.0012145323599442386
2021-01-25,0.000869206664698486,0.0019854335736379006,-0.0027868754695915938
2021-01-26,-0.0005980132738199533,0.00035160267489450195,-0.0017696986772950403
2021-01-27,-0.007943028923215419,-0.0064611753989610035,-0.006115836395052265
2021-01-28,0.0034113772420773215,0.002284303969182932,0.0037771236931219156
2021-01-29,-0.00038123919068729805,0.0010325245602165415,-0.003328306527056401
2021-02-01,0.008265931477619212,0.006531689767797086,0.006914114899269798
2021-02-02,0.006853700870777835,0.004634264882958558,0.011276067295189277
2021-02-03,-0.008634239575328844,-0.008668443779049215,-0.005546628367223135
2021-02-04,-0.0012650300835378551,-0.002928314556086975,0.000822341110428347
2021-02-05,-0.0014983199167455871,-0.0004916230248395655,-0.0015884814440987923
2021-02-08,0.007267738765254883,0.003269789213195232,0.007121825783346285
2021-02-09,-0.001131498872971669,-0.0003767341393446191,-0.000787676610599043
2021-02-10,0.0007862453565203092,-0.0007966297897353181,0.00011217791694991923
2021-02-11,0.007325513530423197,0.00627220588097045,0.006682620933622743
2021-02-12,0.0036545026611108527,0.002457427291967363,0.004449309655805225
2021-02-16,0.004679632964513739,-0.00010625930264296679,0.005260031362905964
2021-02-17,-0.006835342921122625,-0.006716551663283438,-0.005140345758339872
2021-02-18,-0.003797053623815918,-0.002045625218236058,-0.002528177103958064
2021-02-19,0.011664644467852434,0.005681671827092469,0.012897065490967764
2021-02-22,-0.009892229406011659,-0.01241979490363953,-0.006832952796974961
2021-02-23,-0.0009402100880816694,-0.003960675541511227,-0.0007006631690557842
2021-02-24,0.006655245708653082,-0.0012124879925777278,0.008770845954131166
2021-02-25,-0.010138750177191373,-0.005001499767776796,-0.010361677052862605
2021-02-26,0.010295620429023001,0.010177563415452897,0.007606695948038756
2021-03-01,0.007614711539667095,0.004487606195099886,0.008577480778163688
2021-03-02,-0.00825016392955464,-0.006375248498589797,-0.007279521701198542
2021-03-03,-0.009401279507214476,-0.012244259356080842,-0.00309940076048035
2021-03-04,-0.009691826478453942,-0.010615316547005342,-0.00790295042251388
2021-03-05,-0.004429497512015495,-0.004564332326350998,-0.0028991179315867328
2021-03-08,-0.015279461111165033,-0.014850837794424058,-0.007629203855249033
2021-03-09,0.015944439489278112,0.016529711057612355,0.008288132176495603
2021-03-10,-0.0058999164885226935,-0.005660027679239363,-0.0028102468733357967
2021-03-11,0.013237121259138977,0.012898605728714754,0.006514797694179851
2021-03-12,-0.0038436867533449487,-0.005539172702810147,-0.0005547436557379856
2021-03-15,-0.00031937178825137876,0.0003826125063669251,-0.0015270930246829586
2021-03-16,-0.0010901511989614642,0.0001905627885690999,-0.0018926239446216352
2021-03-17,0.0031763276349322618,0.0007255951310570294,0.003811513099132113
2021-03-18,-0.010551223501163066,-0.007458563814201757,-0.009654790431107734
2021-03-19,0.00025588710129497886,0.0006435135451567504,-0.002188318772362244
2021-03-22,-0.0003744297385802163,0.0012764763679802785,-0.002656865771903572
2021-03-23,-0.006995608920856826,-0.004876542270629587,-0.008255166220895989
2021-03-24,-0.0022225986785510436,-0.0014066429676352287,1.2721424837608278e-05
2021-03-25,0.0008109510576461383,0.00038657724864052606,0.002954933091215683
2021-03-26,0.0018177554513048937,0.00253363322310934,0.001159806018848376
2021-03-29,-0.008110742881899523,-0.007625006255302799,-0.008345338032333286
2021-03-30,0.007653994488759874,0.006714708624605835,0.007785099617484227
2021-03-31,0.006923665232647278,0.006122529743001834,0.0014955328576630549
2021-04-01,0.007952385642598614,0.006129471396807852,0.004805838467632676
2021-04-05,0.0007765732737372987,0.0017042328282452378,-0.0017092164297345062
2021-04-06,9.425828754379909e-05,0.0008483826222885629,-0.0009211502742747578
2021-04-07,0.00015856107558074635,-0.0004160047169052299,-0.0011428071350138734
2021-04-08,0.0023634106859799233,0.0016829291540400428,-0.00011063733672323995
2021-04-09,-0.0013412507020545497,-0.0010322105234179546,-0.001597636425975703
2021-04-12,-7.479572450599578e-05,0.0014362619664519433,-0.0013469697417985553
2021-04-13,-0.001197307456553183,-0.0016064889784312888,-0.003311262188890352
2021-04-14,0.0008019350394280638,0.0007266609790417874,0.004580404309125859
2021-04-15,-0.004007239721489294,-0.0045912848386926615,-0.006541409790137082
2021-04-16,-0.003529997342025703,-0.002016788256598778,-0.002593477841681544
2021-04-19,-0.004439169618312535,-0.0037996469845556153,-0.0016108761204546328
2021-04-20,-0.011878810758284425,-0.009424100857647976,-0.01094836293321263
2021-04-21,0.0066380163786371816,0.0054298645378201655,0.0055844395908887625
2021-04-22,-0.0030224701557002008,-0.001628840014701936,-0.003183701004789837
2021-04-23,0.007470700855466804,0.005908480686378843,0.004194921120148677
2021-04-26,0.0068295373625706325,0.003250325579094466,0.004516869892222864
2021-04-27,0.003048513143859043,0.0032104014549448174,0.0007426544939686172
2021-04-28,-0.003536553994214316,-0.0042855074377720894,-0.0016276244994046414
2021-04-29,0.002648518430482838,0.003805731321110862,0.004798968088447372
2021-04-30,-0.005398674802508984,-0.0031074672563889787,-0.005308225557701912
2021-05-03,-0.004693820584543239,-0.0022663606385325257,0.0004799343554289942
2021-05-04,-0.0024936146593030166,-0.0008587477978015119,0.0018381111827917931
2021-05-05,0.0022782112681383826,0.0024336438049976676,0.005769613091395976
2021-05-06,0.00044704013456368593,0.0019509884148454994,0.0006123496871011126
2021-05-07,0.003253489572687541,0.00204197757206694,0.003575076255641731
2021-05-10,-0.013472732473469876,-0.009391850418700212,-0.007222572330915578
2021-05-11,0.002004995074071095,0.00027447192685946974,-0.0038036205007269896
2021-05-12,-0.00897074855959322,-0.008194571989662298,-0.0045386110952542235
2021-05-13,0.0002750105693785662,0.0024081137146739983,0.000842570056384097
2021-05-14,0.00751861844733502,0.0041355628466980075,0.006651758884712582
2021-05-17,-0.002644206257040806,-0.003230785501588556,0.0006203854512310821
2021-05-18,-0.0016617821386098982,-0.0009270970615278324,-0.004188908740776193
2021-05-19,0.002702870569865744,0.00015730039922336696,-0.0009743911332906458
2021-05-20,0.0015098046188890446,-0.0003063181056731296,-0.001130609337289299
2021-05-21,0.002444686339108256,0.0021064366746231453,0.004935807043846004
2021-05-24,0.005483190665637326,0.0027724117614642994,0.00422674952640582
2021-05-25,0.0019733007986316134,0.0016621694210367183,-0.0016134265425422204
2021-05-26,0.002511041684577472,0.0010337899133294332,0.0023634947454012575
2021-05-27,0.006767158541735665,0.00653820715885365,0.006461845354490644
2021-05-28,0.00017164067504158418,-0.0011787650024232433,-0.0021825809860180796
2021-06-01,0.00406867179341727,0.0015067168551046626,0.008979583744664706
2021-06-02,-0.003255746239726449,-0.0037571639931858517,-0.0022053602327205225
2021-06-03,-0.0030863090176006594,-0.0007588219938895363,-0.0010675426060862692
2021-06-04,0.0011618228722660583,-0.0010467087630131012,-3.7349861691599914e-05
2021-06-07,-0.0020049666843618614,-0.003464960459081407,0.0011865678920340167
2021-06-08,-0.0006067885383532884,-0.000667121342432154,0.00013144864667952058
2021-06-09,-0.008371693812917639,-0.0073615080352119455,-0.006419391372515329
2021-06-10,-0.009055175696605283,-0.010287191483009937,-0.008581774974071489
2021-06-11,0.003638278502929313,0.003567737982413728,0.0016071814923436366
2021-06-14,-0.0035771689678967887,-0.005724331549685895,-0.005267221873073677
2021-06-15,0.00135294015846982,0.0018308917549687126,0.0019045058436188643
2021-06-16,0.0005195593346356482,-0.0006748832603716088,-0.000700317360409522
2021-06-17,-0.009621362451863607,-0.010627701493891948,-0.014642612322586752
2021-06-18,-0.005106579053460333,-0.00522394687973125,-0.006433567268926094
2021-06-21,0.00569755909933219,0.006298662512913491,0.007317483728316039
2021-06-22,-0.0001619011214440395,-0.0006279851270279156,-0.0013406668721766722
2021-06-23,0.005679049965678004,0.0035694693810508146,0.003372844491901835
2021-06-24,0.003478243575383598,0.0013411466031172604,0.003686669561315428
2021-06-25,-0.0011716896587295026,0.0006422731916927905,-0.002740062242870059
2021-06-28,0.00041811588728918184,-0.0007337475522198102,-0.0008586772576574385
2021-06-29,0.00021184283772533884,0.0002378924670862299,-0.0015345603527637509
2021-06-30,0.0014267152249428485,0.0009491544727779401,0.0007031105654204567
2021-07-01,-0.0032151759110775023,-0.0019334851675844504,-0.0022929454567170945
2021-07-02,-0.0027401178121375324,-0.00238217023602896,-0.003190193115829695
2021-07-06,-0.0063747501587780794,-0.005930244989625516,-0.006434894635118292
2021-07-07,-0.003285259970614641,-0.00015532454519154556,-0.001497072794728929
2021-07-08,-0.0036614210017810976,-0.004101549427125279,-0.004478220268507566
2021-07-09,0.007114501272859863,0.006950424652010724,0.006331413966534385
2021-07-12,0.006317632699792878,0.005657547404729957,0.0038785995905481385
2021-07-13,-0.003507413179778208,-0.002345688557996115,-0.002235041198235715
2021-07-14,-0.005177953019411403,-0.003469317740305137,-0.004948892305853831
2021-07-15,-0.003466115138772619,-0.0016777632629584984,-0.0025053857920088454
2021-07-16,-0.008300328531320926,-0.005811531646926116,-0.0065063249337564445
2021-07-19,-0.00435081806187304,-0.004315723565915488,-0.0031858676095818036
2021-07-20,0.008383092040315402,0.007658316814466431,0.005846993213051131
2021-07-21,0.010383040724275398,0.008364147941184579,0.00829650169839382
2021-07-22,-0.005122512685350731,-0.004688801740778215,-0.003724603378037815
2021-07-23,-0.002858199114159201,-0.0022422882542157893,-0.0029116779496928978
2021-07-26,0.004502162976338482,0.0036336741118737177,0.0027356637531414842
2021-07-27,-0.004826649665124477,-0.0029812154652870287,-0.003549618628484365
2021-07-28,0.0026944908714466743,0.00046939117709232745,0.001808324581200792
2021-07-29,0.0034707648345036215,0.003029865155884824,9.733339551333755e-05
2021-07-30,0.0012760477028680036,0.0010862239081577967,0.00013089555944122578
2021-08-02,0.0013701989114560283,0.000941500759528973,0.0008611561149451714
2021-08-03,0.002564567534936539,0.0029029749287204343,0.0037855455506421594
2021-08-04,0.0020917996503445543,0.0009561487416317667,0.0009850617309987218
2021-08-05,-0.0009594291207973125,-0.0010305302939539948,0.0009857428151323817
2021-08-06,0.004399692768742635,0.004604875999443498,0.0052779626851742825
2021-08-09,0.0010056159491759532,0.0012933992810400708,-4.545597906250933e-05
2021-08-10,0.0003521349081396092,0.001337916530156427,0.00011529628874210977
2021-08-11,-0.00030021914686919856,-4.374246004853013e-05,6.910132215040762e-05
2021-08-12,-0.0037217406614647058,-0.002513781041411833,-0.0006885448433298801
2021-08-13,-0.004411619985902519,-0.0035418373979840393,-0.0018742091297571568
2021-08-16,-0.003603524067855404,-0.0002393175348010504,0.0023782410546869985
2021-08-17,-0.006119826255469696,-0.0037447630642298882,-0.0007719415600706159
2021-08-18,-0.0011815332532137302,-0.002584988870851902,-0.00285081161879462
2021-08-19,-0.0037847921222748404,-0.001099939416300697,0.0011746493779303034
2021-08-20,-0.0007131469075632008,-0.0009139792621090496,0.0006116315747404216
2021-08-23,0.006973802001828739,0.0018082188126617184,0.001004382140477137
2021-08-24,0.006793467725687002,0.004109624004402334,0.000276126974999603
2021-08-25,0.005676175622291368,0.004215751185965927,0.002913983921878056
2021-08-26,-0.0011344393937572784,-0.00014218323643912334,-0.0006492692423717616
2021-08-27,0.006526725789204648,0.0035678842251210593,0.0036570923068883964
2021-08-30,-0.005131034677579009,-0.004226099777595926,-0.0031956219300697266
2021-08-31,-0.0026131261196581162,-0.002314995180212631,-0.0037065687624581747
2021-09-01,-0.004487972194452787,-0.003940689345898743,-0.0020571002909235024
2021-09-02,0.002436935041260391,0.0020951331016385508,0.0005648461406007585
2021-09-03,-0.0001955507871705254,-0.0008769371511124351,0.0001910601341641127
2021-09-07,0.0016142674415475736,-0.00011163227713802115,-0.0003776083184825651
2021-09-08,-0.0047063657587942745,-0.0025529256687493967,-0.0029875619087717854
2021-09-09,0.006043418783412516,0.004514337533594376,0.0023863147673360238
2021-09-10,-8.110089892304445e-05,-0.0007792862117962195,0.00018962697178478223
2021-09-13,0.004533231556199573,0.0032699369323607778,-0.0004323728186934067
2021-09-14,-0.0030956252173579887,-0.003789989074336858,-0.0016944727712204716
2021-09-15,0.003776795850151507,0.0030277754358101253,0.0014114690510159576
2021-09-16,-0.0010844677848937368,-0.001993179946957047,-0.00205137406134473
2021-09-17,-0.0019397217969498498,-0.0019332040151399618,-0.0018799902090382743
2021-09-20,-0.004535644540552201,-0.0023824431098935575,0.0007918085350505098
2021-09-21,-0.0004691690244364131,-0.0010659405066191744,0.001614137222387223
2021-09-22,0.006025731042154612,0.0026061352948292334,-0.003987850674869619
2021-09-23,0.006222403581666443,0.005079926559492601,-0.001774370723735806
2021-09-24,0.0008002836082788737,9.966299288948158e-05,-0.0025115205709496827
2021-09-27,0.005332931897116826,0.003390249115904356,-0.006012006652555884
2021-09-28,-0.003876887656986072,-0.0016778293563249563,-0.006348028155543937
2021-09-29,-0.004663526457804945,-0.002721157328388159,0.000779180594340323
2021-09-30,-0.0013707726281424084,-0.004011179404063385,0.0021392075258177133
2021-10-01,0.004068351316946398,0.004002907152382241,-0.005866301996950072
2021-10-04,-0.0029171051328951004,-0.0015919263184024672,-0.007109966093802522
2021-10-05,0.00487206669741706,0.004521158444083907,0.004035618399317428
2021-10-06,-0.0034079616130036437,-0.0026214884077728363,0.0009653346524938451
2021-10-07,0.000850383540037338,0.0006628337287626749,0.0017952994324953184
2021-10-08,0.0023758503150305968,0.0029408446759370656,-0.0031592677567479684
2021-10-11,-0.0005930450473488929,-0.0009854727095307775,0.002901842734540019
2021-10-12,0.0009310075327921678,0.0016205462230631264,0.004512514274355706
2021-10-13,0.00036781251355627327,0.00018809372353704255,0.004285676790327166
2021-10-14,0.002148725747884444,0.0019487657946740602,0.003102174370439031
2021-10-15,0.0024906117001858956,0.0024768430572410906,-0.001475325311579139
2021-10-18,0.007229725856137481,0.005913902394842226,0.007764058340408478
2021-10-19,-0.0013657645042770685,-0.0011033348213149677,-0.0006229642978995158
2021-10-20,-0.0037325434030866947,-0.003122510681397173,-0.002351292697002383
2021-10-21,-0.0001469375865166159,-0.0010381922396850481,0.0037610624147397347
2021-10-22,0.004221026983152267,0.0049695095458354025,0.005407423019738681
2021-10-25,0.002220689402245889,-0.0006169148272382051,0.00022359792589468869
2021-10-26,0.0025298080769912863,0.0034619955598100497,0.004196853715150395
2021-10-27,0.0029896692224908963,0.0039385289305508536,0.004979544263647715
2021-10-28,0.0010994185759170938,-0.0013133932656352327,0.001945106699465731
2021-10-29,0.0021833414003483037,0.0002404568157565058,0.003989910148620238
2021-11-01,-0.0005805837474637019,-0.0037748536926153534,-0.005318851322730586
2021-11-02,0.001774442337094949,0.0030248836754844023,0.0028875486212726125
2021-11-03,-0.0037047243746157277,-0.004430761632787089,-0.001350608718349331
2021-11-04,-0.0005658044265732563,-0.0032684808004431794,-0.0008158906832181938
2021-11-05,-0.005091009423511275,-0.005806392511279904,-0.00878948763256278
2021-11-08,0.0028190304751540773,0.0020987130336260116,0.0024905278016961584
2021-11-09,-0.001777257771135837,-0.0001603772945655458,-0.002198742283382942
2021-11-10,-0.004840369561862608,-0.0031322001027055623,-0.002490113523643669
2021-11-11,0.0034664483195680587,0.0017064289165281013,0.003743847391827596
2021-11-12,0.001165909338620426,0.0007521975055378196,0.00039471892780702794
2021-11-15,-0.0010909766551858127,-0.0004936083472109848,-0.0004844095943692082
2021-11-16,0.0031713841278570463,0.0017435486164911074,0.004741875528510757
2021-11-17,-0.002746056781017304,-0.002082399889538356,-0.0010359106912348974
2021-11-18,0.002395383830712223,0.0008177416774533513,0.0029407193378061065
2021-11-19,0.00034057061905990783,0.0001903985715579873,0.004299641714503283
2021-11-22,0.0020247712349280396,0.0035363409796876966,0.0002209926772643443
2021-11-23,0.00015310852363315832,0.0012390436902412901,-0.003112240308143928
2021-11-24,0.0032819698617835118,0.001428969335981345,0.002521722308160731
2021-11-26,-0.0044905603144554315,-0.0030017085467110263,0.0014219991606300106
2021-11-29,0.006062098847882773,0.003485972667734495,0.00584887220055202
2021-11-30,-0.0015638517403040455,-0.0018545273940734459,-0.0006055947201527958
2021-12-01,-0.0031993543725571437,-0.0013789489985953072,-0.006992880948083957
2021-12-02,-0.0013841739463589507,0.0003138598871957805,-0.002434528076981309
2021-12-03,-0.009491615859862641,-0.006466493027451427,-0.008809867085032553
2021-12-06,-0.005757091655192155,-0.004070236491875571,-0.008833134898965278
2021-12-07,0.010957712638726984,0.007049531122534818,0.010005872681008885
2021-12-08,-0.0012733639056560157,-0.002398749732211968,0.0001995443067468166
2021-12-09,-0.005472453160606651,-0.0021578387119944695,-0.00695089113156116
2021-12-10,0.005377956207120578,0.0068893887464681934,0.0058146837815414255
2021-12-13,-0.006352921469468617,-0.0023536874865758856,-0.004442934616860909
2021-12-14,-0.004787405888321372,-0.004089871195703149,-0.007592338076660296
2021-12-15,0.008958293207942085,0.007315824702898648,0.01221082646740887
2021-12-16,-0.008821536608693606,-0.003931463387000812,-0.01567186763915954
2021-12-17,-0.005785790417851627,-0.007017063613587628,-0.0032752240743225604
2021-12-20,-0.002496102163338179,-0.0010813247766336305,-0.0003209604660275852
2021-12-21,0.0029367906887046383,-0.0013805738944442857,0.0021750086586488446
2021-12-22,0.0022316373231037042,0.00135201088287585,0.0032224400243167713
2021-12-23,0.0005313443023819483,-0.0011449678658004257,-3.707090571818254e-05
2021-12-27,0.006137417381045201,0.00458952733722479,0.006967087891621342
2021-12-28,-0.004374869680441284,-0.002570553518173814,-0.004964609354160581
2021-12-29,-0.0012479666582211597,-0.0007210576376993417,5.300747129674441e-05
2021-12-30,-0.0025806758623655615,-0.0015676269198536387,-0.0021272358029877083
2021-12-31,0.0009104313848662048,0.0019661650786604056,0.0004605281520852914
2022-01-03,-0.0017046659286775235,-0.0056471911009482335,-0.007000088875090732
2022-01-04,-0.0026554913592610817,-0.0012383667095372407,-0.012636616538140341
2022-01-05,-0.008948043161315604,-0.005306356015067889,-0.011382665928367144
2022-01-06,0.001742350331712657,-0.00021062743313628667,-0.0017592052482257635
2022-01-07,-0.008450340859178075,-0.006591195646966879,-0.012283693094960368
2022-01-10,-0.00047739690806545225,-0.001441661875695384,-0.00040984752138705795
2022-01-11,0.0027833190233833276,0.0002906793565385019,0.0013603015312060806
2022-01-12,0.002607141882814818,0.0013460780102182764,0.002459097525331333
2022-01-13,-0.010025061849825382,-0.006535457988680107,-0.015080888873606115
2022-01-14,-0.001017371523335337,-0.003975373450511551,-0.0003210898908240805
2022-01-18,-0.004855722824813758,-0.0021811527090386472,-0.004977782292477544
2022-01-19,-8.811091353332811e-05,0.002616562469328205,0.0001590679691360784
2022-01-20,0.0005077079161191759,0.0018720867299609188,-0.001665867716675609
2022-01-21,-0.00010805249028978401,0.003732483052636825,-0.0010261478880307308
2022-01-24,0.0035579368844223924,0.0012781029345521418,0.003418850717452811
2022-01-25,-0.0063864679173751505,-0.0036677008016747573,-0.009900298025955174
2022-01-26,0.003488712759580073,0.0009674574304086474,0.0033446781234148107
2022-01-27,-0.004075850675611298,-0.0002955713423429533,-0.00234112704480013
2022-01-28,0.0029046367575460887,0.0017208908454000276,0.0026331685125384075
2022-01-31,0.006573341637886302,0.00023036763494080082,0.00836843269979259
2022-02-01,-0.0014236357790247249,-0.0035994469819862897,-0.003992276787815197
2022-02-02,0.00694387019658567,0.007589804802521008,0.007207830789580262
2022-02-03,-0.004150778690764483,0.000652880158421174,0.0018047301074277694
2022-02-04,0.0014004642487004833,-0.002225432835586083,0.00041230402258396844
2022-02-07,-0.002542802973332627,-0.0017628354690505275,0.00010806787374538168
2022-02-08,-0.0002526116100795802,-0.0011630009432626693,0.0008002915613012308
2022-02-09,0.0027032872362218476,-0.0016079824710567843,0.000785092837887712
2022-02-10,-0.006544421516260339,-0.0054282426818271405,-0.0025091193239040765
2022-02-11,-0.0071589655018201356,-0.0018720594878574562,-0.0031777603716814733
2022-02-14,0.00023018896671943127,-0.000503076711125454,-4.0987791385249554e-05
2022-02-15,0.0015345346512620867,-0.0033416785299402387,0.0038884550752111098
2022-02-16,-0.001073910930879726,-0.0003231721318584394,0.0003493711544410369
2022-02-17,-0.0027524166072307077,0.0026747714479844584,-5.4163219486091014e-05
2022-02-18,3.635103529770401e-05,0.0017086485968549122,0.0008327586771491339
2022-02-22,-0.001593845925728824,-0.0007614390164746147,-0.0025897754000272217
2022-02-23,-0.0004863979254392386,0.0022108824690418596,0.0014469877841893025
2022-02-24,0.006784854022147262,0.000605965783465066,-0.005707988669670296
2022-02-25,0.003053114546930902,0.004480463605290963,0.004932324298980825
2022-02-28,0.0030426388431183736,0.002012611163928921,0.004070681920485719
2022-03-01,1.3207785851712193e-05,0.0027043407544500827,0.0016081082458044961
2022-03-02,0.0010004945139229493,-0.000464960731432045,0.002715920058810804
2022-03-03,-6.220977126179166e-05,0.003152224059402316,0.0005803281699677413
2022-03-04,0.002545194544607085,0.004982500016263546,0.0024935351639515505
2022-03-07,0.0012519837123590742,0.004743638072340201,0.0026561191327469807
2022-03-08,-6.978353204838838e-05,-0.0026180510022610097,0.00308258126639598
2022-03-09,0.002491724157472876,-0.001168455031892704,-0.0019158605648851644
2022-03-10,0.001935074450799509,0.0029088443531340167,0.0024841420640003414
2022-03-11,0.0015026967093000184,0.00299988410786276,0.0010399349374006466
2022-03-14,0.001300663369652178,0.004111914054733215,-0.0006840390249556117
2022-03-15,-0.001226643638157062,-0.0027921733719948345,-0.0005990582678075565
2022-03-16,-0.0016683932747594717,-0.0050894369325685165,-0.002624287222117082
2022-03-17,0.0008566899529924469,0.0008586012478446534,6.8036845053757e-05
2022-03-18,0.0014010394732275177,0.00019940337911693892,-0.0008271278936937303
2022-03-21,0.004420830563687302,0.004987277111380389,0.005805980226466993
2022-03-22,-0.00038780465610887475,-0.0015778268705691058,0.00015164063133618378
2022-03-23,0.00358168689381702,0.004549873499917524,0.00495620826059059
2022-03-24,0.0013116974064424213,-5.975396497326853e-05,0.0032590981673080326
2022-03-25,0.0006982815720900381,0.001337869304084734,0.0017859019005506613
2022-03-28,-2.4872217374163715e-05,-0.001105523423179032,-0.0020527878425087073
2022-03-29,-0.006435333566614402,-0.00663499074229898,-0.0063088009182608405
2022-03-30,0.001279161872940671,0.0031845338771769654,0.002318325883314733
2022-03-31,0.0007975778127384792,0.0018091407228567084,0.0006230425618964049
2022-04-01,-0.0017985073369262514,-0.0005463837701407916,-0.0012317096881120538
2022-04-04,8.534593745671492e-05,-0.0020931747104699205,-0.0038975752716865885
2022-04-05,0.0031974751331242555,0.005214204786242339,0.005112871943111333
2022-04-06,0.006182488772485416,0.007928768231887604,0.010112845283443498
2022-04-07,0.006516696117428612,0.006588724944411661,0.004506703191243343
2022-04-08,-0.0017042393381881311,-0.0007093597882732647,0.003015460356643654
2022-04-11,-0.007032516531673698,-0.006725510030103103,-0.000616033920660041
2022-04-12,0.0011906076344212803,0.001655776710460456,0.0035049541977118714
2022-04-13,0.0006510834784681603,-0.000698228030797543,-0.0019745808090015794
2022-04-14,-0.001387395642688815,3.8446527611748444e-05,0.004597367296859178
2022-04-18,-0.0003598923639791843,-0.0010977024260213075,-0.0014279657032729106
2022-04-19,-0.006660252024133829,-0.0077015765302191515,-0.009820325990859203
2022-04-20,0.007492195389059932,0.007465836353785282,0.009630086712730372
2022-04-21,-0.004342815872498185,-0.003298014503116893,-0.0008591594811154455
2022-04-22,0.0012231513399063511,0.002312770232061581,0.004403311788171425
2022-04-25,-0.0015573693066214746,-0.0018533412573815955,-0.0021104580420566546
2022-04-26,0.0025457676684035252,0.004697471568275308,0.006385268683266787
2022-04-27,0.005915541273131161,0.005795191727970411,0.005308425159549376
2022-04-28,0.0021752942368245816,-6.554957512708531e-05,-0.003945508865861244
2022-04-29,-0.0008246989785773005,0.0005497437740880839,0.0009158968065963789
2022-05-02,-0.003466987825416238,-0.006149876159526161,-0.004121182310306867
2022-05-03,-0.00017810358776948056,-0.0005750409160388505,0.0015097725472716093
2022-05-04,-0.0032624141703469973,-0.004937568520793353,-0.004437605009407965
2022-05-05,0.00010978514064509493,0.0023854131087936814,0.004088173424191527
2022-05-06,0.0021819785138498145,0.0026929619072123875,0.005183175273094302
2022-05-09,-0.004998468830838709,-0.001758519407944294,-0.0008349649028843624
2022-05-10,0.003880745382260951,0.002169887865135808,0.001328586202478578
2022-05-11,0.0031578381440950866,0.004726946946178143,0.005249737596846756
2022-05-12,-0.0013964387037431305,-0.0007597515082307367,-0.0005097729752191742
2022-05-13,-0.005006132014964476,-0.006823435951044501,-0.008605412539017017
2022-05-16,0.005413628298742067,0.006830546001558646,0.008689038097873678
2022-05-17,-0.0071739444835442106,-0.010118126582745378,-0.008115401306489245
2022-05-18,-0.002022563883905902,-0.0011139299541262683,0.0017470168536838698
2022-05-19,-0.0021709015039552,-0.0029224422017818156,-0.0038129007761825966
2022-05-20,-0.0006280030417924737,0.0006433037723179546,-0.0006699357094073259
2022-05-23,0.0008887187702938731,0.0003817559867818115,0.00043806018342696767
2022-05-24,0.00764344122469631,0.009350164269422558,0.010320658540378795
2022-05-25,-0.0023649423850620097,-0.0038969436589862934,-0.00283048396683973
2022-05-26,-0.005074891679857214,-0.005820694718999943,-0.009064690038238496
2022-05-27,-0.0026258465391663854,-0.0033489703874220256,-0.006253696971942261
2022-05-31,-0.005113466542507982,-0.005362805493944624,-0.003530893809795588
2022-06-01,0.0015657362462820567,0.0017659764926320875,0.0016343240375799853
2022-06-02,-0.008296019945012618,-0.008603964837841285,-0.0138331329767901
2022-06-03,0.0051742783325777345,0.005996492799453002,0.007836747231445505
2022-06-06,0.0005416386016888731,0.0005305801459431108,0.00020972301759839717
2022-06-07,0.0031736017713754087,0.0031925746745024336,0.003568618213986068
2022-06-08,-0.00048766350794773454,-0.00048056237078371826,-0.0006164905532975013
2022-06-09,0.00312712944706916,0.0028262479323684377,0.002335707004134885
2022-06-10,0.00960543181480973,0.009925339303219632,0.013537960303920515
2022-06-13,0.0054186545660627914,0.005737566951620715,0.010133692647292351
2022-06-14,-0.0016844141417520966,-0.0020870291113172243,-0.002968663643952555
2022-06-15,-0.008730229246780533,-0.00927231960723066,-0.01262286607372768
2022-06-16,0.0030886353411685706,0.00444401034897574,0.008951173166785235
2022-06-17,-0.005792341144152507,-0.006062724624491145,-0.006029121603719529
2022-06-21,0.010426340976035186,0.00974223263473442,0.005991994123146855
2022-06-22,-0.0025264460330043353,-0.00251805772367594,-0.0030163554631063047
2022-06-23,-0.004213997376848839,-0.003570468011654383,-0.004193062819988681
2022-06-24,-0.0066880024880693655,-0.006341017874291321,-0.009320429994878605
2022-06-27,0.006311351150874255,0.006454897827021474,0.006764858853608002
2022-06-28,0.007882153449534312,0.007810700574392158,0.010975742156771105
2022-06-29,-0.002221464922881439,-0.0016323255786378152,0.0006498594494099036
2022-06-30,0.0040324271013725274,0.004441827787308054,0.004025101834141725
2022-07-01,-0.0013080995593591294,-0.0005022639479971807,0.0026113765104502514
2022-07-05,-0.00978514809419501,-0.010369042046132789,-0.014010457739748312
2022-07-06,0.0012643252121138187,0.0015996320469587443,-5.0433526299984025e-05
2022-07-07,-0.002949143389250024,-0.00385343254304937,-0.006816869164277104
2022-07-08,0.002592451786799321,0.0023731540306822585,0.001483660973030298
2022-07-11,0.005080710463001359,0.005906163419907733,0.008431134807608001
2022-07-12,-0.0023786809515022205,-0.0026352986804501935,-0.0005776953534842907
2022-07-13,0.00044495107165337417,0.00033616554947796246,-0.0018891462707940091
2022-07-14,-0.00031058170085548,-0.0001254986319046351,-0.003216580404969973
2022-07-15,-0.007686882349092071,-0.007306965008301917,-0.0060025230132523845
2022-07-18,-0.0034924897816522252,-0.0032778143632002255,-0.0034836598366933466
2022-07-19,-0.009359478347952983,-0.008575473260053975,-0.011209884991214433
2022-07-20,-0.012172422691760412,-0.009922472612703011,-0.0155669982907237
2022-07-21,-0.0058537228604339945,-0.005729526416002638,-0.009610790463579948
2022-07-22,0.005672112011242744,0.004925357021018048,0.006627626929493237
2022-07-25,0.006986665797718633,0.006521024059973013,0.008148118923179792
2022-07-26,0.005152965448036248,0.004797064310307218,0.007891824496049232
2022-07-27,-0.009841253597143348,-0.009460959049110332,-0.013481096517941622
2022-07-28,-0.0008337528510627901,-0.0006029060200757403,-0.002905550398643428
2022-07-29,0.0022742788373019537,0.0025818219083571232,-0.00021063041191355424
2022-08-01,-0.004480019993682173,-0.0039336956711033535,-0.0054667503783749375
2022-08-02,0.0013429191686360293,0.0017414458811531271,5.961015687022045e-05
2022-08-03,-0.009879358927923862,-0.009378386495004394,-0.011068761353452118
2022-08-04,-0.006060948036062597,-0.004670388135635694,-0.007174239087547377
2022-08-05,0.0031575436625204444,0.0027596433557973555,0.005702225530120494
2022-08-08,0.00028403851495534477,-0.00046442503547172855,0.002414318671326362
2022-08-09,0.008436478208371564,0.007308939641844137,0.011846757308463199
2022-08-10,-0.01123578026950778,-0.010417336551110235,-0.01318555693379696
2022-08-11,-0.0023003036616248466,-0.0026951437561660778,-0.003965472100759953
2022-08-12,-0.0021630207409376726,-0.0018578962359251856,-0.004858335273414686
2022-08-15,0.0004952921349662111,0.00014420658617302572,0.0008425187738928562
2022-08-16,0.0003710443108753689,0.00017877005097077702,0.0006823876777571127
2022-08-17,0.007360437942046523,0.006722386854350404,0.007071499365596523
2022-08-18,0.0006486217491053868,0.0008332055242788933,-0.002102735439697736
2022-08-19,0.009778697851761801,0.009030274583509957,0.01224829571536259
2022-08-22,0.007912084166072626,0.0076936767923254015,0.008117821782223292
2022-08-23,0.0018771239392380698,0.0016608179223473697,0.00041007505073647213
2022-08-24,-0.0013473807695406589,-0.001065798021570306,-0.0017501008828258629
2022-08-25,-0.003953259510952733,-0.003579952236531413,-0.004445658335223047
2022-08-26,0.008719764529409682,0.00815775356961153,0.008202757487781289
2022-08-29,0.0013081553652665675,0.0008519301385664978,0.0006305081638080736
2022-08-30,-0.0018842068366941927,-0.0015360065113750466,-0.0012908153077621895
2022-08-31,-0.002582260750830416,-0.0024166205573620835,-0.0016926080771364014
2022-09-01,0.00130290365330014,0.001903653916894698,0.0034255065896569574
2022-09-02,0.0006663007678532317,0.0006267521911601911,-0.00015916752918718682
2022-09-06,0.003011076626345634,0.003238955681668645,0.0036553674060806783
2022-09-07,-0.004150037330130047,-0.004005232330913553,-0.0031488900096325744
2022-09-08,0.0008082886929863884,0.00045451762312021595,-0.0003563576592074204
2022-09-09,-0.004505140588355851,-0.004758997216680804,-0.004907487589446399
2022-09-12,-0.001747797699651923,-0.002032777434157647,-0.0005430500813060578
2022-09-13,0.008272515630349695,0.008712427840192955,0.011966060111989562
2022-09-14,0.002314027789412301,0.0017689234451211857,0.0018206795377409988
2022-09-15,0.003460228684906853,0.0035782475936227097,-0.0008084082821337143
2022-09-16,0.0026775934672447813,0.003118340683019652,0.0023453631082762678
2022-09-19,-0.0011754048426044971,-0.0012637567940798399,-0.0017668238598133315
2022-09-20,0.0035182521912601973,0.003664002828717651,0.0035662405841324716
2022-09-21,0.0033041198988364127,0.003741061353001049,0.00258788117440658
2022-09-22,0.007551687608714897,0.007586060309960636,0.00790810346380749
2022-09-23,-0.0013612754420397654,-0.0007862604094280982,-0.0016658515109911223
2022-09-26,0.001996911377523339,0.0016693516699418207,0.003150355938609344
2022-09-27,0.001780181897266073,0.0017258947844785348,0.0003965793798163626
2022-09-28,-0.002997262538010024,-0.003073085092636624,-0.0007417390192327824
2022-09-29,0.004572776119161294,0.00402802322673167,0.004267989745438167
2022-09-30,0.0027197925115259786,0.0026964935078572093,0.0025542110584235635
2022-10-03,-0.0012658537771568696,-0.0020163370026938868,-0.003577104289315796
2022-10-04,-0.006054610222849567,-0.0059834743125596005,-0.004971511062832492
2022-10-05,0.0012678234511386108,0.0012186979247072495,0.00012470053549805846
2022-10-06,0.00046569139040071714,0.0007967349905412865,-0.00027294465572677725
2022-10-07,0.013151489155001342,0.011350322374218836,0.007737957621355146
2022-10-10,0.004626863446185747,0.004081894876580783,0.004752957304279769
2022-10-11,0.009547805681200469,0.009258481897667417,0.003277422513664753
2022-10-12,-0.003911603160983825,-0.0036403016839501967,-0.001695690388418165
2022-10-13,-0.0025293375449007647,-0.0030941037087886137,-0.0032237718853884013
2022-10-14,0.0031498275855595115,0.0020122435974222253,-0.0005947832835866119
2022-10-17,-0.008666223942356941,-0.008688323815769594,-0.005391136051507473
2022-10-18,0.0009370036091348872,0.0008242395655225668,0.0008337351346845513
2022-10-19,-0.00326098338284847,-0.0023166995699542272,-0.0036461148880110525
2022-10-20,-0.0027057971418230718,-0.0016307036934676321,-0.002287961975790226
2022-10-21,-0.0018100486501410544,-0.0008611125068841326,-0.0009631475685694225
2022-10-24,0.00410864316469699,0.0034648907402789436,0.00266390410972685
2022-10-25,-0.010955498639844977,-0.009955047206535523,-0.008467504597961265
2022-10-26,0.009323150736147581,0.007995447373059766,0.007157035529681051
2022-10-27,0.0037422496175923553,0.004193952039222208,0.0024735870030923447
2022-10-28,0.0003285051571067588,-0.00011869145559208164,0.0012250696848690084
2022-10-31,0.003943523976690866,0.00375459599585583,0.003733681432810963
2022-11-01,0.001685694327454396,0.0013323409989006052,0.0024488204254316235
2022-11-02,0.00788216067950989,0.00679540744839436,0.007324174109566646
2022-11-03,0.006384153325557256,0.006440782291957723,0.006244307617332418
2022-11-04,-0.008971053868203717,-0.00900940485464858,-0.0044537771758952505
2022-11-07,-0.0034457751859729795,-0.003130971067335925,-0.0009604966059637149
2022-11-08,0.00037720154659452287,0.0013865019580996465,0.0014782507732781255
2022-11-09,0.004317950152391925,0.0033968282251515608,0.0046230875865871796
2022-11-10,-0.03313553626581409,-0.030123890603205153,-0.02421788339345076
2022-11-11,-0.01926389352548779,-0.017918236267256887,-0.014964991434091043
2022-11-14,0.004451888709269264,0.004002938025823902,0.003729982214825087
2022-11-15,-0.0077615705812465125,-0.006073222850644457,-0.00646701977306533
2022-11-16,0.011040985664722324,0.008961390336013732,0.01133947579176182
2022-11-17,0.005646060895193568,0.004928323951600265,0.004515867104210652
2022-11-18,0.004611545106610668,0.003628592379039561,0.000891524465385055
2022-11-21,0.0043815399727611315,0.0025817827622700816,0.00301299784555099
2022-11-22,-0.003777496857250727,-0.0030211927065952903,-0.0006016319126412584
2022-11-23,-0.00509605491901024,-0.003764043048189797,-0.00476637009424133
2022-11-25,0.003376008619357606,0.002639724194527083,0.002245834922712482
2022-11-28,0.005278037629749798,0.00533470472697875,0.0025979205988696623
2022-11-29,0.002541230987298214,0.0021159723247454257,0.0006180303844627092
2022-11-30,-0.017023138708465217,-0.014811518559763521,-0.010799323911541456
2022-12-01,0.00017881222692110689,-1.967583252564167e-05,0.0010309647048134943
2022-12-02,0.003950590761053724,0.0036709173556335024,0.0038466405263066525
2022-12-05,0.005007615680051414,0.0048411119663546364,0.0028473524154726884
2022-12-06,0.0058374012479829734,0.00532060318920209,0.003781237851278488
2022-12-07,0.0021664846982705735,0.00167172144640951,0.00259386905220431
2022-12-08,-0.005200158247815274,-0.0046301731147498386,-0.003113640067280843
2022-12-09,-0.004994414200034756,-0.004756426488198254,-0.003527608642151484
2022-12-12,-0.0011546213639564943,-0.001374819577819825,-0.0013408374881671411
2022-12-13,-0.007857625700735902,-0.007731683099844054,-0.0024225067430975957
2022-12-14,0.005007189830684751,0.004604131500677397,0.0015844535534577952
2022-12-15,0.006517610866862299,0.005416285223126941,-0.00039899919251388784
2022-12-16,0.0012113838256557106,0.0012170535933709776,0.001716733990372193
2022-12-19,0.0046618029596131256,0.004471467643557578,0.0038799030208837644
2022-12-20,0.00196080589043767,0.0016861900852003806,0.0018711853476882441
2022-12-21,-0.0038213547664532614,-0.0035939258674946807,-0.0002927992972713448
2022-12-22,0.0067331886363149905,0.005750053664426706,0.003279738018934964
2022-12-23,0.000675771619074619,0.0005814806304802469,-0.00037592750436282025
2022-12-27,0.004861457931366462,0.004272614697461217,0.002724858372913717
2022-12-28,0.0009797413406200796,0.0011698742316059326,0.000864875205191608
2022-12-29,-0.00972146942272641,-0.00923850133414404,-0.008261189152199188
2022-12-30,0.0004725346734306936,0.0005754011210322825,0.0007824186449792407
2023-01-03,-0.00460239330037847,-0.005045069024050024,-0.0014116085073280968
2023-01-04,-0.010796004904774312,-0.010605511848608359,-0.006168355521926494
2023-01-05,0.005457910443993699,0.004819259148072654,0.005154879154984028
2023-01-06,-0.0039850821662147425,-0.0038284827032382903,-0.0029234583594607067
2023-01-09,-0.012734789923069909,-0.011794654634060911,-0.009922484090506948
2023-01-10,-0.00014551287598449074,-0.00038216873770039535,0.0011390654004599006
2023-01-11,-0.004662464999296244,-0.004436118752282799,-0.004349281020895587
2023-01-12,-0.005391340414733684,-0.005167874367135588,-0.003874841122295755
2023-01-13,-0.0006485953678890154,-0.0010178972764860123,0.0006939160985206421
2023-01-17,-0.002992591208510831,-0.0024239895206156084,-0.0023584407492318435
2023-01-18,-0.0020650723959094643,-0.002482785302504164,-0.0006081237549389521
2023-01-19,0.0025415313486798724,0.0025488964165237614,-0.005264193029205221
2023-01-20,-0.01209849154192801,-0.011272035633358738,-0.007850261845552165
2023-01-23,-0.012581663855908056,-0.011764965271512972,-0.006613551523633286
2023-01-24,0.004711281332482467,0.004782802424127467,0.006071202364533517
2023-01-25,0.00022951621768790742,0.0002760192861541733,-0.0011565967240576278
2023-01-26,-0.0069231288681833505,-0.006610407557217682,-0.005961476962348101
2023-01-27,-0.009660501190970096,-0.009126346579131238,-0.007627983863420225
2023-01-30,0.006064465293545637,0.005399708893086211,0.003897971803094929
2023-01-31,-0.0034562157467257614,-0.0033840320291171544,-0.002894328376766226
2023-02-01,-0.014816030176184145,-0.014374206442775877,-0.005707852889338286
2023-02-02,-0.02463578923224456,-0.02338403180747428,-0.017680854497247395
2023-02-03,0.00691970973419728,0.006639305960545284,0.005015209137605837
2023-02-06,0.007112065548177608,0.0073459645146248505,0.00410741135686842
2023-02-07,-0.0031729630062933933,-0.0032322051896913552,-0.001633263354076895
2023-02-08,0.0020970726357623553,0.0027911172825349946,0.0012299844831677596
2023-02-09,0.003392946133860271,0.0037156252402163674,0.001893091475028302
2023-02-10,0.008216583658190458,0.00850338992724255,0.0036623777907620037
2023-02-13,-0.0013434574109490898,-0.0014379821283650764,-0.0008094580428515765
2023-02-14,-0.004271314020441476,-0.004600706864110432,-0.002129816625528381
2023-02-15,-0.0017839866540905935,-0.002345337683215644,-0.0008862960376829587
2023-02-16,0.003425339135516312,0.003371344355707101,0.001972615709943845
2023-02-17,0.0033444802711836675,0.003212071292881328,0.00036596457595343
2023-02-21,0.006930593542059485,0.007179529804202619,0.004329150731826623
2023-02-22,-0.002977389728699757,-0.002180281440077177,-0.0034403201566834993
2023-02-23,-0.002711479967353988,-0.0017485560712961455,0.001129094197936839
2023-02-24,0.002402681228032881,0.0022504670348554735,0.003037719796653482
2023-02-27,-0.002489848896233609,-0.002819519207776795,-0.0008339304974446538
2023-02-28,-0.0019782629732387658,-0.001848260291743,0.0010280942932535096
2023-03-01,0.0027687381366266655,0.002697871919442581,0.00215334698611027
2023-03-02,-0.002760476279226977,-0.0022386621873733644,-0.003726798079637127
2023-03-03,-0.0024753295713221494,-0.0023547937487064952,0.0010614660139485932
2023-03-06,0.00189364648116825,0.002061472397319793,6.494160636662583e-05
2023-03-07,3.6117406437397525e-05,0.00014150444992574592,-0.0008795553052051623
2023-03-08,-0.001207899316188521,-0.0009663734978597452,-0.0015967239057490552
2023-03-09,0.0013215705501298295,0.0015322468314295605,-0.0015164716358101631
2023-03-10,-0.0009663897495882715,-0.0006781541415886278,-0.0025147548063027087
2023-03-13,-0.0062261638187509835,-0.006259600184098728,-0.007115557591986579
2023-03-14,2.26896158719013e-05,-0.0002899927075781366,0.0007810093832918379
2023-03-15,-0.011539143816414955,-0.011676297742772582,-0.009493251002596086
2023-03-16,-0.0009778718100280637,-0.0015663144022058238,-0.0051859294551775525
2023-03-17,-0.0028178224751900733,-0.0032644069279477365,-0.0036063506508997568
2023-03-20,0.0024089731366084333,0.0027090504185436817,0.004591649684860435
2023-03-21,-0.0006358804496179069,-0.00011330713298354128,0.0004782310033363941
2023-03-22,-8.494251235988678e-05,-2.9724279413863454e-05,-0.0016437094852946932
2023-03-23,-0.001008011799069108,-0.0007975834164489016,6.68706667165602e-05
2023-03-24,-0.004670879007841398,-0.004146102475466158,-0.0038623003840054866
2023-03-27,0.0015423264773221583,0.0018681551310753375,0.0017948439995152507
2023-03-28,0.0026172813807778077,0.0028041886478497977,0.0021842995983065035
2023-03-29,-0.0011627514002513896,-0.0020145667081007167,-0.002306891461589389
2023-03-30,0.0006857436930452611,0.0003355077351839489,-0.0002742959153188495
2023-03-31,-0.0013293341485954091,-0.0009825363930788804,-0.0006415968180171711
2023-04-03,0.004956851025778596,0.004949175315461931,0.002916249921931781
2023-04-04,-0.005805727305807318,-0.005196906659871521,-0.00488806088820809
2023-04-05,-0.0014903594296881329,-0.000332349939898043,-0.004921311077902332
2023-04-06,-0.004555056876940417,-0.0042897566284108716,-0.004279614417814806
2023-04-10,0.0017599295549746072,0.001396355770235895,0.003921683181444177
2023-04-11,-8.087836089392486e-05,-0.00010078089632701771,-0.0006689787271583383
2023-04-12,0.0019767452418730947,0.0021367516275552583,0.0010146998079692596
2023-04-13,-0.0012044042320140068,-0.0011997356631892348,-0.0013230107255032143
2023-04-14,0.0018290497269003634,0.0020989215101084426,0.001958729378592909
2023-04-17,-0.0016454614647573274,-0.0010642807849711967,-0.0022877781181321753
2023-04-18,0.0027047347964562285,0.002918463151026616,0.0026220564166623108
2023-04-19,-0.000519771441595166,-0.00045636456419555666,-0.0016918389889428928
2023-04-20,0.005910702000534509,0.005529613393358989,0.004966490411231892
2023-04-21,-0.0009124846048731383,-0.0007490128646506945,-0.001549467077593567
2023-04-24,0.0005903992891725135,0.0010528576257531456,-0.0012990972437714834
2023-04-25,-0.003175980946156451,-0.000732440798292024,-0.001911485117201725
2023-04-26,0.0033614582642733674,0.0022866960240584926,0.0063797990556450366
2023-04-27,0.00028077574598553255,-0.0023018185938286865,0.0010403080634579977
2023-04-28,-0.0008371562302079735,-0.0008004659649572505,0.0015793787740098998
2023-05-01,0.002284076896692998,0.0023986629356150106,0.00035732765474804333
2023-05-02,0.002236932898475828,0.002602135468367986,0.0005542973253499756
2023-05-03,-0.00019160589647911956,0.00028322179422313757,-0.0020782212125808677
2023-05-04,0.0002205356418005223,0.0003977700782722151,0.0008151545291214737
2023-05-05,-0.0019855063076734693,-0.0022515501529159717,-0.0012097001274451648
2023-05-08,0.002070926658750887,0.001923343565904714,0.0027269801380272723
2023-05-09,0.0012107183778356145,0.0014292028355419844,-0.0012778497299168739
2023-05-10,0.0010325033889297913,0.0005636140460123232,0.0018389865411188476
2023-05-11,0.0011970131167328988,0.0012514880848262732,0.0019990129555005824
2023-05-12,0.0007851636113718081,0.0011479352485812197,-0.00077312504923005
2023-05-15,5.705131867658262e-05,-0.0017931268742605168,0.004634423674974668
2023-05-16,0.0021992393515241544,0.00087870527373662,0.0034315680220671986
2023-05-17,0.0005535993297627849,-0.0022124819063781137,0.001282953822472897
2023-05-18,0.004798225260531091,0.0013619655151303044,0.00993651114272032
2023-05-19,-0.0021562691493422323,-0.000679796462407714,-0.0026681200533575184
2023-05-22,-0.004838093948435118,-0.006875214860207916,-0.003451699696287665
2023-05-23,-0.005447444091037235,-0.005467455551264892,-0.007770008268163875
2023-05-24,0.0021927359621034463,0.0022374090258702635,0.0015526779484860641
2023-05-25,0.008035809424347885,0.0033066103009764393,0.0155665589151223
2023-05-26,0.00012982678663708743,-0.002616801275576469,0.005592777596485441
2023-05-30,-0.0021202220240758964,-0.0029387037782086668,-0.0009553264250605016
2023-05-31,-0.0034633851137903233,-0.0016114130678315456,-0.0023134828560304067
2023-06-01,0.0018973787245553336,0.0016610809449048903,0.00041510502541834536
2023-06-02,0.0008092038697815931,0.0017901595347536168,-0.004552256533271527
2023-06-05,-0.0019032536321557717,-0.0017230399670413077,-0.002209348246147808
2023-06-06,-0.0023303661450893185,-0.003530737138208328,-0.0016710379447041042
2023-06-07,-0.0019427153192300053,-0.0010631723767336257,-0.009398680417116686
2023-06-08,0.0014783665731053913,0.001105686657174606,0.0028815398895745623
2023-06-09,4.462592510388103e-05,-7.74785293139235e-07,0.0016782964430427255
2023-06-12,0.0023449898694863506,0.0005013084348217929,0.0064247543880946775
2023-06-13,-0.0006595304630891285,-0.0004146141415292033,-0.0025566074481438244
2023-06-14,0.0074561553776866,0.0062577406619296,0.011976544955785358
2023-06-15,-0.0020331125424674474,-0.0009886436381316818,-0.002794643202503601
2023-06-16,-0.002945160161823852,-0.00208879310484346,-0.0013905470686313417
2023-06-20,0.0020367055365003296,0.001957880942814446,0.0035695182736951965
2023-06-21,0.0007263117003781305,0.0029332279005219774,-0.003369812554553468
2023-06-22,0.0021618481427415565,0.0018590643372729464,0.006128217220555445
2023-06-23,-0.00017059708248175323,0.00020937425960810532,0.00017078883198186448
2023-06-26,-0.0023769830521855064,-0.0022463846369808666,-0.0053782239981139904
2023-06-27,0.003059694855193658,0.0018769696423323844,0.00768507029448066
2023-06-28,0.0016718669695403084,0.0013719702796578448,0.0018531506362141081
2023-06-29,-0.0008273787438689533,-9.293977830470665e-05,-0.003959521811804078
2023-06-30,0.0024264837688936706,0.002475100210778492,0.003048260924371292
2023-07-03,-0.0038766883246478343,-0.003773355936019012,-0.0015911143686594001
2023-07-05,-0.0004785335241999124,-0.00011020420594080827,-0.0005086116906856287
2023-07-06,0.0005295750205054482,0.00108942082064349,0.0013402680283913003
2023-07-07,-0.00015607603167728338,-0.0004873174875211411,-0.0005471934465463368
2023-07-10,0.0036689814270458635,0.003044141965098924,0.0016412659227998843
2023-07-11,-0.001427437643730301,-0.0014927200181257022,-0.002227144547208113
2023-07-12,0.00045463398071591665,-0.00010255669428767837,0.005584929239905935
2023-07-13,0.0012672932629470347,7.2969286154864e-05,0.005221873149612989
2023-07-14,-0.000231043335178211,0.00010419989012838009,-0.0016110630557214492
2023-07-17,0.008041950266187975,0.0065728822874201644,0.00802970955639475
2023-07-18,-0.0034216963328509843,-0.0033913213916636183,-0.0036839417106468617
2023-07-19,-0.008510908416780708,-0.008003883196531924,-0.007789565898457647
2023-07-20,-0.008278771436119495,-0.005421752017150419,-0.017592673982425987
2023-07-21,-0.0051730074794424565,-0.00516693627134175,-0.00505470872830853
2023-07-24,-0.002552568815265288,-0.00291033804403841,-0.0013806892785424812
2023-07-25,0.006150142737397353,0.005550637025862629,0.006935966673869037
2023-07-26,-0.006838362068946738,-0.006846460890757699,-0.0048459920823451935
2023-07-27,0.008024243949115602,0.006055452461651973,0.005850510936138438
2023-07-28,0.005004658913249957,0.003705432448081931,0.008076333146989106
2023-07-31,0.0003966493274489499,-1.6310275299109997e-05,0.0010183906550623202
2023-08-01,0.0052416025863648895,0.004857202833100604,0.0029885300656931463
2023-08-02,-0.007488452122577456,-0.00434070901307748,-0.01173096159233282
2023-08-03,0.0033913082975867053,0.002924186184419886,0.0020222401417356027
2023-08-04,-8.352763361703928e-05,-5.717910744676306e-05,0.0005971317525942861
2023-08-07,0.0024414348912209787,0.0028085047012542763,-6.285787724814195e-07
2023-08-08,-0.0006736292610442343,0.0006472149807512848,-0.0025116510766872045
2023-08-09,-0.003825772043494566,-0.002653037319561036,-0.0061689383268722945
2023-08-10,-0.0008181334367498951,-0.0010371065556276549,0.0002489846152348441
2023-08-11,-0.0047369376594238065,-0.0032589116050657048,-0.00521102789758674
2023-08-14,0.009544800731047529,0.007361590234319856,0.009544948393602343
2023-08-15,0.0017377468532863863,0.0026234622806020746,0.00011749518806894796
2023-08-16,-0.004146075945360766,-0.0023235627235422673,-0.00488412337189442
2023-08-17,-0.005743681244734305,-0.004951089951778116,-0.005588892797063426
2023-08-18,0.00037377146773670344,0.0004374591463851067,-6.373509420659916e-05
2023-08-21,0.00826400121709193,0.005378485097708179,0.012146438144715315
2023-08-22,0.0011611029319425984,0.0014956598254392856,0.001618490066689753
2023-08-23,0.005692977230726172,0.004573946399179606,0.006174806750305253
2023-08-24,-0.007944200747574279,-0.004545489164124248,-0.007466440245395744
2023-08-25,0.002706487039736183,0.0020291394305524766,0.0033764234393601337
2023-08-28,0.0030837048891048484,0.002759723648849462,0.0015122918935345031
2023-08-29,0.004774732566254844,0.0025537345620350762,0.005117555156771866
2023-08-30,0.00289003688580155,0.0022978812895966226,0.002245908547268843
2023-08-31,0.005228832199505139,0.0037155611851965387,0.005735249157760396
2023-09-01,0.00072254837659207,-0.0009296981056638148,-0.0025386145122915055
2023-09-05,0.0032980784829882443,0.0015375958591220301,0.0054242452213093114
2023-09-06,0.0026932493186867276,0.0026632766458752257,0.0016876962382748602
2023-09-07,-0.0027711472041811193,-0.0017615495855560963,-0.00011704100943152412
2023-09-08,-6.520454634818054e-05,0.00031277780072444376,-0.00032521454634269786
2023-09-11,0.0014333438842065297,0.0006570895542881381,0.00415211170531374
2023-09-12,-0.008855518566229703,-0.008092440114256756,-0.009711702482703427
2023-09-13,-0.00039940042440128186,-0.000813352566394943,-0.0001995831292316328
2023-09-14,-0.0020050970888123025,-0.001804850301492815,-0.002926189130845636
2023-09-15,-0.00760595445475252,-0.005904886102849622,-0.007696095661684185
2023-09-18,0.00185406355280212,0.002097734559460908,0.0023410969211859556
2023-09-19,-0.0003357636503226264,0.0003076090810583172,0.00045799206859441574
2023-09-20,-0.005778969348650027,-0.004036825443591268,-0.00449104431189035
2023-09-21,-0.005288691524574778,-0.004364594530773212,-0.003922450565949554
2023-09-22,0.0039557792427618865,0.004031608745962179,0.004262287951781155
2023-09-25,0.00017860336028981661,-0.0007692643061689348,0.0013411179046965529
2023-09-26,-0.0018165312012107054,-0.0012708601044753632,-0.001916500069949251
2023-09-27,0.003629288634542174,0.002717529483550146,0.0046197574370918934
2023-09-28,0.004350994955158308,0.003713186857474369,0.002847999323720345
2023-09-29,0.0011484675231017418,-0.0004336492915570224,-0.000566529372711536
2023-10-02,0.007655270357417349,0.006795641930508995,0.0084119416420213
2023-10-03,-0.0036819672545491825,-0.003207096232570159,-0.0028767147621818288
2023-10-04,0.006814864679074871,0.005809568153342341,0.0062766150819888395
2023-10-05,-0.0009731034462639687,-0.0011709327847559045,-0.0008962567566756895
2023-10-06,0.006534763475105908,0.005557859814764027,0.0059436782258687326
2023-10-09,-0.004132166027152062,-0.004351446057011556,-0.0022956291127442354
2023-10-10,0.0001896704374692145,0.00012045619720871287,-0.0013684837893908845
2023-10-11,0.003929724908999971,0.0034840151348070757,0.004392306070074337
2023-10-12,0.0027332363670424516,0.0022086339346384775,0.003991754934860186
2023-10-13,-0.009717380683279233,-0.008565399722989177,-0.007994416008000604
2023-10-16,-0.0010461588411413013,-0.0009237161686325388,-0.000733070482130192
2023-10-17,-0.002094372964807991,-0.0016850319147417088,-0.0023971656282502475
2023-10-18,-0.0024122923103713106,-0.0011698830443206936,-0.003374233580871501
2023-10-19,-0.0038145636176214782,-0.0029992152736718803,-0.002352942237673951
2023-10-20,-0.004007488532675598,-0.0032766600088647863,-0.004689398033515572
2023-10-23,0.006328654953223163,0.006449283709801411,0.004143621786087919
2023-10-24,0.0020478530180835074,0.0018033715108576472,-6.543311262081089e-05
2023-10-25,-0.009704172452403797,-0.008383934925554325,-0.0074740644007362834
2023-10-26,-0.007877583232344042,-0.007920424262373526,-0.005702670287069635
2023-10-27,0.011783023055756797,0.011024608847391983,0.00862773464287467
2023-10-30,-0.0017216711330752417,-0.0008133407548861878,-0.0010525287246941296
2023-10-31,-0.001897967118867128,-0.0019530035600579092,-0.0031397516391193318
2023-11-01,0.008711383737014291,0.007744286489093763,0.00667698423446211
2023-11-02,-0.001961154161186417,-0.0019704264988803758,-0.0009974937049710818
2023-11-03,-0.0021050634886483044,-0.001967822733810527,-0.001402576566091184
2023-11-06,0.004983146873805615,0.005030965627297605,0.004293059253895666
2023-11-07,0.004839160432127562,0.004750545089371372,0.0033461559622113505
2023-11-08,0.004765581387164369,0.0048675630361135975,0.0048212273087410405
2023-11-09,0.0026361888026261585,0.002862888253786198,0.001374395596586252
2023-11-10,0.00949201922521437,0.009012780724424156,0.010043108964247868
2023-11-13,0.0015089254637343883,0.0013460517053408018,-0.0004799094756441547
2023-11-14,0.0007402841082238364,0.0005470657016554324,0.0005062453589699188
2023-11-15,-0.007151453117718159,-0.007329572967843846,-0.006763293723178504
2023-11-16,-0.0009580022537066656,-0.0018994458401527105,-0.0024153586017122727
2023-11-17,0.00016595469213656616,-2.2320397356890924e-06,0.00024055846966724453
2023-11-20,0.005629133785765372,0.005285606145944805,0.004817187033752246
2023-11-21,-0.002933796592360153,-0.0027704533490892857,-0.002913496370022395
2023-11-22,-0.0010673755291614262,-0.001026942722107046,-0.0012592345750904279
2023-11-24,-0.0011854586730042443,-0.0012927656165020631,-0.0010391025444633337
2023-11-27,0.0020002279829486927,0.0018033007135559252,0.0008199463272863729
2023-11-28,0.0004248831606963661,0.0003209205641132525,0.0007465210462317751
2023-11-29,-0.002475497021346811,-0.0024717531330472934,-0.0031269994797653395
2023-11-30,-0.003900508235605806,-0.0033860677858990594,-0.003415695667484097
2023-12-01,-0.0044525797116234216,-0.00411750757910048,-0.003347674945171249
2023-12-04,-0.007245720186801922,-0.006915806029042826,-0.006866970853324283
2023-12-05,0.002929559745355772,0.0031873859824083917,0.0026981249180501755
2023-12-06,-0.004620834945765274,-0.004268844375554784,-0.005004607643640391
2023-12-07,0.008015025908383364,0.0071099558907136646,0.007347831685377169
2023-12-08,0.0016448626122996955,0.0019147572035656205,0.002768551339314845
2023-12-11,0.002697475797265782,0.0018123140528526927,0.004734787894680697
2023-12-12,0.004390821721901329,0.004398895742408906,0.0026700342116194706
2023-12-13,-0.004485703285916588,-0.004146115721446318,-0.004469848702765233
2023-12-14,-0.011672252605595608,-0.012132556130431718,-0.005408042459785316
2023-12-15,0.006893881428835397,0.006716531196048708,0.006750729575989883
2023-12-18,0.004274383779023455,0.0044388694050635485,0.0023121959516802094
2023-12-19,-0.0015731360109822175,-0.0018181399558567588,-0.0003973082205848712
2023-12-20,-0.001585223934168001,-0.0009699097485644572,-0.0006777152160367976
2023-12-21,0.004285540977577824,0.0036948626739550664,0.00324391823250277
2023-12-22,0.000322399664846581,0.00037950549192686776,-0.0004098507012023696
2023-12-26,0.0015495484846842714,0.0009761688475342447,0.002442301301352996
2023-12-27,0.0007998385489670727,0.000666713491441118,0.0003221797590726764
2023-12-28,-0.001656720081028932,-0.0013985160413936973,-0.002131442452612357
2023-12-29,-0.0005839524244624676,-0.00022554586702761616,-0.00033710583481557017
2024-01-02,-0.015784454385614464,-0.015065733563140246,-0.011934941430685212
2024-01-03,-0.0018627868908709148,-0.0014400063467665525,-0.00232575164703454
2024-01-04,-0.0008272027628815024,-0.0009206513540080789,-0.00038777893416134016
2024-01-05,-0.0010871980673394276,-0.0014465369469658566,0.0009455461508489749
2024-01-08,0.007287770643897357,0.006850053427607225,0.0038844568935720485
2024-01-09,0.0048571891766999884,0.00516942907262137,0.0031249376553442103
2024-01-10,0.0062348426956127835,0.006750931626875314,0.003400731158628047
2024-01-11,0.0061305485590923536,0.006037623345870943,0.005047297684889104
2024-01-12,-9.819754908384104e-06,0.0010110718698517973,-0.0001965928781625277
2024-01-16,0.005132431576866699,0.004471714796560294,0.0029497039440127817
2024-01-17,0.0013720609048815085,0.001574557906558085,0.0012457924966501638
2024-01-18,0.0068036713869961025,0.005999357114660789,0.0037015881178072076
2024-01-19,0.007943450538380394,0.006956246137410537,0.008850259248303974
2024-01-22,0.0006190453796505349,0.0005685756475968261,0.0016874636441191495
2024-01-23,-0.003247639436250404,-0.002995809131047145,-0.003092831176311978
2024-01-24,0.009043651909356342,0.007316159660134961,0.008095630193314272
2024-01-25,-0.0016020741748342343,0.0002694366935326073,0.0006907804589325008
2024-01-26,-0.005967528849782929,-0.005182788278713135,-0.005600947527631695
2024-01-29,0.0033380368052125533,0.0031261209615167282,0.0019570276288597243
2024-01-30,-0.0032323024243035596,-0.00206887918856085,-0.000275707634614956
2024-01-31,-0.002750737030071717,-0.00323614817180081,-0.0025536509192390254
2024-02-01,0.0036149651273582124,0.004230425270511534,-0.0010289462660912829
2024-02-02,0.0101782213929285,0.00947147215705675,0.008633134206805353
2024-02-05,0.006278133391481366,0.005759481050620303,0.006174000272719872
2024-02-06,-0.009329437827450637,-0.008889098491246554,-0.00797345460165394
2024-02-07,0.006733909086540446,0.005396219689637328,0.0032413373386070195
2024-02-08,-0.0012601108050103139,-0.0015682920570694171,0.0009244943722863868
2024-02-09,0.007765472689659496,0.005808449536182029,0.0052736025173045036
2024-02-12,-0.005894668224131459,-0.0059515731659785485,-0.002566688744786882
2024-02-13,3.422546860174427e-05,0.00128944732359022,0.0019277529212200462
2024-02-14,0.005992662351815722,0.004428764772845756,0.004843360282265605
2024-02-15,-0.0022165006711647745,-0.002511601568202765,-0.002077664162682348
2024-02-16,-0.0029630263697652728,-0.002711123536655994,-0.0019188138322962696
2024-02-20,-0.005823089202934236,-0.004049458200658417,-0.00378150087306284
2024-02-21,-0.009356028788550021,-0.007670722371359839,-0.009663754404930945
2024-02-22,0.01672221603093175,0.0150207208296089,0.014056906629182409
2024-02-23,-0.0013927039701331103,-0.000513138986136076,-0.0010640812810339627
2024-02-26,0.0069405729235564135,0.004466742637013777,0.006426423198257614
2024-02-27,0.00016138529544279856,-0.0008502281107797853,0.0003304932939728502
2024-02-28,-0.0024840152595636245,-0.001157146139555557,-0.003140035894460689
2024-02-29,0.005759496749053231,0.0034582127453497554,0.0032283099135146905
2024-03-01,0.009471858917964985,0.007365084731666064,0.008607960922848585
2024-03-04,0.0033222142984363255,0.0024291316056176955,0.004302260316837586
2024-03-05,-0.007625490594762288,-0.00588945775514601,-0.005317745859784533
2024-03-06,0.001158329090307126,0.0008999590325133609,0.0016799956209935974
2024-03-07,0.005921464158470478,0.004030286685778272,0.004445149687934864
2024-03-08,-0.009708916710411764,-0.008164951698816045,-0.007965144650521875
2024-03-11,-0.010530613994580466,-0.010137159730101555,-0.009775916892848369
2024-03-12,0.011135550003017537,0.010001706657011365,0.00955494525968941
2024-03-13,-0.003959041212337856,-0.002282031872998337,-0.004203451984510318
2024-03-14,-0.0008135698083892424,-0.00016035873516862648,-0.0006507469426733017
2024-03-15,-0.0048841763156494186,-0.005135982328332465,-0.0036810381407325556
2024-03-18,0.0046514801534465935,0.003570006128629063,0.00338103858153334
2024-03-19,-0.002077541858552411,-0.0005808382912146003,-0.0030293328799657487
2024-03-20,0.0022839717658863358,0.0020282665544208846,0.0017592511617873854
2024-03-21,0.004870480343188109,0.003336593115175497,0.005787415842254585
2024-03-22,0.0015147175025555322,0.0009526446725862404,0.0012770622692339514
2024-03-25,-0.0015587921174483742,-0.00254519660639154,-0.001198392329383797
2024-03-26,0.0016831708672690577,0.0013493827842587234,0.0013138386567930068
2024-03-27,-0.006635215127295147,-0.006171067428092397,-0.005011004518382228
2024-03-28,-0.002315237593686533,-0.002113411767072037,-0.0014015965872074784
2024-04-01,0.004239668769655157,0.002736175665251429,0.004730262471441726
2024-04-02,-0.0009703292605535006,0.00025130662736990355,3.497471147712019e-05
2024-04-03,0.0060628464908478955,0.00584328519596259,0.004627427110315167
2024-04-04,-0.005387112490657181,-0.004766546196636664,-0.0058227488838071976
2024-04-05,0.007165334586260492,0.007761529474366647,0.007108404457198879
2024-04-08,-0.0004638824993778238,-0.00045691103762406034,-0.0015920092116890594
2024-04-09,-0.003684517639538239,-0.004946724793865501,-0.0046817202387085454
2024-04-10,0.003093704679887656,0.0031875911212019712,0.0030328718239060457
2024-04-11,0.00531277362817622,0.003934917100368395,0.0038358574495138795
2024-04-12,-0.0036367157928748886,-0.002408061045440411,-0.0025875378221479413
2024-04-15,-0.003909902532861926,-0.0036710317856116317,-0.0029916799230608414
2024-04-16,0.003979128197389591,0.0030357948901713113,0.003854836597808038
2024-04-17,-0.00819123742198971,-0.006043704499047367,-0.007307027897577538
2024-04-18,-0.0045248236497003,-0.0035768991783095404,-0.0035101336449834958
2024-04-19,-0.012735746818626202,-0.008811049393645815,-0.01085477699824766
2024-04-22,0.0017808430692977065,0.0020922381955884245,0.0017102779801731372
2024-04-23,0.008298805351610306,0.006441935102605834,0.008629425580085606
2024-04-24,-0.004735843389282976,-0.004620130533747629,-0.004740739392583053
2024-04-25,-0.0010398133079372826,-0.0012358897374990935,0.000234888940212237
2024-04-26,0.006257654070244387,0.004852108046982107,0.006739030592551979
2024-04-29,-0.004150360171145725,-0.004702731622489822,-0.0052042684651065155
2024-04-30,-0.0009790144057318744,0.0007524549473094206,-0.0008731239162239409
2024-05-01,-0.004176012427597193,-0.001749653750067187,-0.004985102706455137
2024-05-02,0.0020686362504461694,-2.282673486577263e-05,0.002878008908019294
2024-05-03,0.00468948306527212,0.0029486181892549573,0.002422414394506601
2024-05-06,0.008130627441674827,0.0069376411611481,0.008549684070521034
2024-05-07,-0.002348228275081672,-0.0009168124060554878,-0.002548762193110765
2024-05-08,7.2765366616541e-05,9.637386678120281e-05,0.0006385012602511602
2024-05-09,-0.0034195834310916575,-0.002102849976842441,-0.0016053034456393852
2024-05-10,0.001045461878715024,0.0010948348499758022,0.0014484946632556802
2024-05-13,-0.004883396162821467,-0.005382025421730206,-0.005408138793747683
2024-05-14,0.002459172781474473,0.001207434317644067,0.002749595944066555
2024-05-15,0.007498540445115847,0.005431282221135147,0.00715635314774457
2024-05-16,-0.0044360513434634425,-0.0037552253887799666,-0.004633756839777108
2024-05-17,-0.0006669325728429374,0.000188346866915915,-0.001959550156411553
2024-05-20,0.005450401735403699,0.0027114911317787497,0.005595598644083123
2024-05-21,0.001805775358258702,0.0025456717718714723,0.0022370790429149297
2024-05-22,-0.00425725248755658,-0.004345324952149578,-0.0032672358257319666
2024-05-23,0.008480129737032755,0.00795854898816493,0.006615481775865344
2024-05-24,0.003703415753563986,0.002067970033030825,0.005201097674664302
2024-05-28,0.004938704805772079,0.0033133213531721835,0.0049170910781764126
2024-05-29,2.377872825088483e-05,0.0005705471132546145,-9.07054688952884e-05
2024-05-30,-0.007984153251257979,-0.0051898847325972655,-0.008454640513197996
2024-05-31,-0.004295801747654383,-0.0031434465567347146,-0.00512777876841726
2024-06-03,-0.00034776196116732214,-0.0008757181145811776,-0.0005126589107591902
2024-06-04,-0.0039802526939087726,-0.0034291026613912957,-0.0047569354566104555
2024-06-05,0.010652693860910592,0.007860507838510621,0.01068186317053157
2024-06-06,-0.002860133737902431,-0.002774066514679785,-0.0029879338648203116
2024-06-07,0.00013309606736878031,0.0004897084779342762,0.00023778401270635946
2024-06-10,0.004750868292818572,0.0037024086481796644,0.004728288620839882
2024-06-11,-0.0008051930879507545,-0.0017630623678341834,-0.003000973410936231
2024-06-12,0.005412888065601884,0.003408112801719326,0.006491162583907985
2024-06-13,0.0032873552903611484,0.002830220719981128,0.0015462716566301197
2024-06-14,-0.0010055791165618233,-0.001493613455495678,-0.002174852114001661
2024-06-17,0.004589890799520547,0.004011147408901732,0.003977761059691415
2024-06-18,0.005256631061576139,0.005692690582185349,0.004880030509179795
2024-06-20,-0.007797243951962727,-0.00668919167189927,-0.008398368465011425
2024-06-21,-0.006005801471725143,-0.006378138878429336,-0.006408582337844609
2024-06-24,-0.006026285591553611,-0.003908017183556436,-0.005843171151107241
2024-06-25,0.008585582019551641,0.00686068041754706,0.006278930127365202
2024-06-26,-0.0015158738050641476,-0.0016171771728451054,-0.0018418442854632464
2024-06-27,-0.00046552370395744385,-0.001839049534014583,-0.0020443859671665622
2024-06-28,0.003012784416011772,0.002109859398735023,0.0035585489487411706
2024-07-01,0.0026999545419719054,0.0035673815272049235,0.001801302177417669
2024-07-02,0.0015660707495728482,0.001245406158024284,0.001438596632493194
2024-07-03,0.0021554628834947213,0.0010553117813561518,0.0029604775020880595
2024-07-05,0.0002658590421282871,-0.00036572325153349334,-0.0012643315540048256
2024-07-08,0.003364223757950623,0.003175233246552449,0.004331137331294507
2024-07-09,0.0031049898515796994,0.0037225843689947394,0.004024153206150784
2024-07-10,0.0014813615451810056,0.00095348173844534,0.002156278990635956
2024-07-11,-0.011340732276577786,-0.009515596053274022,-0.00996908945757718
2024-07-12,-0.0038992881391746023,-0.0041471404467563425,-0.0045091781672098276
2024-07-15,0.0012051438935435114,0.0017070491446932797,0.0001871004295013618
2024-07-16,-0.007128135530073747,-0.006081785960656532,-0.005771050449563369
2024-07-17,-0.023304656902587068,-0.019189482122911182,-0.020913385077148884
2024-07-18,7.923933531433222e-06,0.00010723916991889141,0.0007431755790662377
2024-07-19,-0.0016106819958505339,-0.0016419917270302634,-0.0012910808143322145
2024-07-22,0.007963958069119443,0.006374884048497021,0.006690508945048362
2024-07-23,0.005352281851514945,0.0057141455505779065,0.004726582790886701
2024-07-24,-0.014446108294721746,-0.01131742540913247,-0.00910401478342172
2024-07-25,-0.007450524431366423,-0.007528954582435416,-0.008887047045159068
2024-07-26,-0.001833044268553703,-0.002060879219146717,-0.0017659204319235568
2024-07-29,-0.0033805302074118907,-0.0022923922344155433,-0.002117928865236404
2024-07-30,-0.010050783586167662,-0.008430224069420069,-0.010850291802689652
2024-07-31,0.013594142918470336,0.009394226961746088,0.012135253900527049
2024-08-01,-0.00906423545249533,-0.0048717032488019025,-0.0053318464712742274
2024-08-02,-0.013852767794305974,-0.012073286385125385,-0.009478444996785832
2024-08-05,0.002177382954444441,0.0014209488878751753,0.0015931492868516152
2024-08-06,0.004904942928828495,0.004914169281727056,0.004715908268561908
2024-08-07,-0.003404087816508613,-0.0014626183581712316,-0.0028543883579809884
2024-08-08,0.011867041487232537,0.00823577043448344,0.01155256956496791
2024-08-09,0.0061909938049668125,0.005639060895404325,0.00697243818580623
2024-08-12,0.0028520883802885836,0.002384027039530821,0.003465198633430524
2024-08-13,-0.001243925972804683,-0.003460152610206777,-0.0014334184080690704
2024-08-14,0.004027595033699294,0.004246283759521765,0.0029680800856610773
2024-08-15,0.003268441480378865,0.00041162248340137996,0.004442897838611284
2024-08-16,-0.0021747604942555566,-0.0007026429242474086,-0.0014656351382883064
2024-08-19,0.002547340965992155,0.0010746193492228069,0.0009293603135281734
2024-08-20,0.000981737430729276,0.0006019882321161707,-0.001707350682799888
2024-08-21,-5.578398656901168e-05,-0.00015064855797102263,0.0002053701555280232
2024-08-22,-0.003736160033778348,-0.00012114052781677618,-0.0015453543683465996
2024-08-23,5.8613806634860126e-05,-0.0006472058703826669,0.0009898991450300453
2024-08-26,-0.006036431025519983,-0.0024177666701675786,-0.0023555956448948518
2024-08-27,0.0018046988334534187,0.0020545158316868034,-0.0006162240485939091
2024-08-28,-0.000415169660271028,0.0027803391503298572,0.0017154761257992931
2024-08-29,-0.001606046170679473,-0.0013142645539772776,-0.00139616732231505
2024-08-30,0.002719375734189412,0.0009895283797599005,0.0018703199932465372
2024-09-03,-0.010603387412508445,9.710177846006971e-05,-0.007219280618594185
2024-09-04,0.0003310363420267202,0.0005759019184749806,0.001909899563194953
2024-09-05,-0.0014086758676392886,-0.001976315962556265,-0.0008950357588129057
2024-09-06,-0.005599060503261012,-0.0011164290885703268,-0.004575210859323875
2024-09-09,0.0039341386703495695,0.003567884096125124,0.0020990485608268225
2024-09-10,-0.0011857770308744409,-0.0036151407521509945,-0.0010698391748401798
2024-09-11,0.00786998167492721,0.0006163225763407817,0.0029037529461711916
2024-09-12,0.0004724593815028728,0.0009621410158236069,-0.00021483465421574444
2024-09-13,0.004039300710791947,0.001675106566390906,0.0031910816948209626
2024-09-16,-0.0029658238078720317,-0.000558359526645552,-0.0034048027808119587
2024-09-17,-0.00044098843941060156,-0.0015396920824110787,-0.0005000004870450714
2024-09-18,-0.0006613074546202092,0.00047815077279600963,0.001378309685447186
2024-09-19,0.008372001773890183,0.0012879148669410043,0.004037254213554795
2024-09-20,-0.0006555064193759655,0.00034927419094059233,-0.0006859904161488315
2024-09-23,-0.0012173538081682149,-0.0016433797935324153,-0.00011572802678522196
2024-09-24,0.0007104783905196534,-0.0019361650947591997,-0.0003845532908005667
2024-09-25,0.0034347824170266102,0.0017942121188526112,0.0010406763697777602
2024-09-26,0.00403829500561356,-0.003004525167267182,-0.003360683292634999
2024-09-27,-0.00778758973207288,-0.003985059599986992,-0.0012433489196380825
2024-09-30,0.0006537044929167965,0.002505543050629907,0.0016589754555745657
2024-10-01,-0.006366921079003608,0.0002067350430888309,9.277643946521932e-06
2024-10-02,0.005237940349474151,0.0025252551787407203,0.0022903879188420403
2024-10-03,0.0018506493350698397,-0.0008105963198730736,-0.0008150300402347801
2024-10-04,0.003758260982236585,-0.0005189419105536073,-0.00048450237492025656
2024-10-07,8.894489331223685e-05,-0.0007600877702889705,-0.0025359771577115387
2024-10-08,0.0036992051893994077,0.001951982765717862,0.002381288277236202
2024-10-09,0.0019065695039422446,0.00037113982953426337,0.0005710437549717651
2024-10-10,-0.0009971462385845544,-0.0015043508977120273,-0.0007024550506962137
2024-10-11,0.003151216292205306,0.004012331753006904,-0.002603804586636083
2024-10-14,0.0007180439937434816,-0.00042342386380282064,-0.00028141782933461157
2024-10-15,-0.004740588347454299,0.004736874010047417,0.0015536896365561802
2024-10-16,-0.0016155145432513026,0.00038382096741510646,-0.0005776312727679646
2024-10-17,0.0012586373190949579,9.452595731022172e-05,0.0001365497796535186
2024-10-18,0.001996158318230629,0.0015836089923043732,0.0022707115536985314
2024-10-21,0.0015735632727208989,4.599122659500247e-06,0.0024995867224316738
2024-10-22,-0.0018540142841297195,-0.002589991714782744,-0.0023137973705414927
2024-10-23,0.00028926961394664416,0.0031034873763771714,0.0012955249655353734
2024-10-24,-0.0006229328868546327,-0.007090374304667764,0.0014141800381176483
2024-10-25,0.00014335288613547686,-0.0032300900590673714,-0.0004803844044030119
2024-10-28,0.0016571805932366192,0.0025318313617767735,-0.0005711437844702647
2024-10-29,0.0033307123656776904,-0.002261503260710901,-0.0008625689606256121
2024-10-30,-0.0037048309718760294,0.0020172979317978792,0.0010168938834571322
2024-10-31,-0.00423897662929337,7.730485920548157e-05,0.0018684191182340559
2024-11-01,-0.004170630995550066,-0.005023367577084243,-0.005633217360753708
2024-11-04,0.0009244040260566274,0.0011045619734605804,0.0001580681821547272
2024-11-05,0.0048805228460867085,0.0033549481405424054,0.002360131838760239
2024-11-06,0.007633887009241452,0.0036604571302318563,0.0006093047150412017
2024-11-07,0.0012998084678700862,-0.0015199088210036073,0.0017681181351669813
2024-11-08,0.00283942573692705,0.003978161011475357,0.0071428309001414095
2024-11-11,-0.003873716180862287,-0.004399703635532101,0.0003809349656897058
2024-11-12,0.001033452323480504,0.0028352894551787727,-0.0007985301851740549
2024-11-13,-0.004271359949640124,-0.001189528316863822,-0.0011424148425647335
2024-11-14,-0.0011012531831608423,-0.001905250219385337,-0.004627305774121248
2024-11-15,-0.0007258405091244832,0.0029673914089973197,0.002884908434447506
2024-11-18,-0.0007579042657630591,-0.0015585282602706917,0.0002001025657458929
2024-11-19,0.005405718284872964,0.004330573020600259,0.004871097483215986
2024-11-20,-1.0726332813513865e-05,0.0005482526981147384,0.0005666235634253079
2024-11-21,0.0013391028557758913,0.00019858926694328445,-0.001174961900386763
2024-11-22,-0.002098570584922032,-0.0014150391454258982,-0.00024286205439474798
2024-11-25,-0.00527882648126579,-0.00529497029917778,-0.0055196751373969895
2024-11-26,0.006723012390398762,0.0075888777699409495,0.005853604929449277
2024-11-27,-0.004102709853590164,-0.0015611366790412166,-0.0024123192515132356
2024-11-29,0.000518188373537217,-0.0009368714899270607,0.0003981341929926697
2024-12-02,-7.572819828233757e-07,-0.002975392757527099,-0.0004946468247249323
2024-12-03,0.006092001733662312,0.004938129405185876,0.003644774416539619
2024-12-04,0.0058897181830658354,0.00271814988597417,0.004230295647371698
2024-12-05,0.000340472235105297,0.0023714628446568145,0.005338053505436115
2024-12-06,0.005251793618400361,0.0031215274185129325,0.004575085729071083
2024-12-09,-0.00776313370404318,-0.00831642368426922,-0.00777096056929925
2024-12-10,-0.001541923533865557,0.0012230815605917835,0.001491677516872544
2024-12-11,0.007105270517436893,0.00203005677049445,0.003036868846667007
2024-12-12,-0.00019352670517828427,0.0009271700925234638,0.0009331390205025737
2024-12-13,0.005904781712806464,0.0021349967144118024,0.0029327715753656963
2024-12-16,0.006547913048686508,0.0018203385070877265,0.002713155911635059
2024-12-17,-0.0030656741131008915,-0.0028180974010473072,-0.0015483544087451725
2024-12-18,-0.006080435029150109,-0.0029337311898502876,-0.00475557123805465
2024-12-19,0.004420975693100699,0.005935700575025277,0.008203856143556867
2024-12-20,0.0005259081763669006,0.0006396289475994783,-0.0003173703407835949
2024-12-23,-0.0009280203197827436,-0.002716336728209373,-0.0032075070364301905
2024-12-24,0.004371844394289123,0.002779458329804728,0.004778955241015433
2024-12-26,-0.0004486538524897074,-0.00043749961834583216,0.0004533138661259294
2024-12-27,-0.0035290020549749172,-0.00220765450383988,-0.0028870008438091075
2024-12-30,0.0005589718439163818,0.0014139099804599405,0.0005949383974986328
2024-12-31,-0.004354310053634228,-0.002832440988339919,-0.0028396138490903943
2025-01-02,0.0013377911103315881,0.0009291193023963556,-0.0014868845353267664
2025-01-03,0.0033024192805055606,0.0005895965135121596,-0.0006123995511412104
2025-01-06,0.003855633100472066,-0.0004887487859641909,-0.0016413144290233683
2025-01-07,-0.006970904961607053,-0.005111965958607313,-0.008087533386823597
2025-01-08,0.0021452741581400783,0.003448419975524287,0.0018221042141629135
2025-01-10,-0.0003820304683802052,-0.0003081331528047454,-0.0004250358340774583
2025-01-13,-0.00532333466651203,-0.004495799802130312,-0.0037914951993223266
2025-01-14,0.0021574392640761504,0.0023995610683953256,0.0021289909861189364
2025-01-15,0.011237822301953719,0.009045531060073055,0.006297395366798399
2025-01-16,-0.003584202556883928,-0.002408408209298104,-0.002008543322382284
2025-01-17,0.004385748281328574,0.0028689211349757237,0.00170143033495196
2025-01-21,-0.00014253618643807217,-0.0012266379702845591,-0.0006756530667183241
2025-01-22,0.004304657698423966,0.0022759273589710804,0.0018580467267682102
2025-01-23,-0.000403539278116811,-0.0004444908131468928,0.001711339063338589
2025-01-24,0.0006961423911936742,0.0013914980672874182,0.0035445798769696245
2025-01-27,-0.012362761881476387,-0.007594024738899218,-0.003816722272841064
2025-01-28,0.008598983143167111,0.006764483262137056,0.009364100318982636
2025-01-29,-0.0009668389113398128,-0.0003286497307474441,-0.0004930596844098737
2025-01-30,0.0034568691747997307,0.004125589933793126,0.0006389723649781395
2025-01-31,0.0021873030517942874,0.002009122066067192,0.002001019470995196
2025-02-03,-0.0014129971282030294,-0.00029206074180871484,0.0004895014242547822
2025-02-04,0.0013272416856540603,0.0008672610221060046,0.0011180347819707663
2025-02-05,0.0011076837277726168,0.0003242430481962186,0.0008514530199910168
2025-02-06,0.004748317961920175,0.004323701643429748,0.000998096680936442
2025-02-07,0.0005573637669802357,0.0007390555198899699,0.001055295597585215
2025-02-10,-0.002156433748765415,-0.0028671695437387447,-0.0035245685983571417
2025-02-11,-0.003830329824511503,-0.002726595181227051,-0.003029675162532065
2025-02-12,0.0010867355804051538,0.0015199446082708003,0.003081186437057156
2025-02-13,-0.0007056821803121708,-0.0008850956594415366,-0.0020958514832803885
2025-02-14,0.00521225744462563,0.004084513984556061,0.00368461793196096
2025-02-18,-0.004638788261091795,-0.005496343953181586,-0.007385870826955139
2025-02-19,-0.00115681388925416,-0.0010243986978095716,-0.003328671379006965
2025-02-20,-0.010005179424918896,-0.009546071559560377,-0.010131476999091124
2025-02-21,-0.006774477735543357,-0.003960365746819855,-0.006460190707896996
2025-02-24,-0.005827236939821014,-0.004033396613965039,-0.0023434237405615065
2025-02-25,-0.005345055194159884,-0.0032259461367529414,-0.004080956177081154
2025-02-26,0.004710878707695421,0.0027363320736134484,0.005668932995722292
2025-02-27,-0.0014386063256481597,0.0024216915905911755,0.0011178215330190045
2025-02-28,0.004505791318838828,0.004372062548487527,0.0028171786959312224
2025-03-03,-0.003855651886503498,-0.00026687921167340843,-0.004311261438858053
2025-03-04,-0.00508922282019794,-0.006340972436867563,-0.006238127252861644
2025-03-05,0.00035472737216943415,-0.0006344374241074926,0.000821669726710766
2025-03-06,-0.013406416499638148,-0.010563787092321851,-0.014090548482267486
2025-03-07,-0.006519241535336085,-0.007850135362433383,-0.0057440703486260555
2025-03-10,-0.013874908450512972,-0.009785163754047033,-0.018919580689067544
2025-03-11,0.004552381272521504,0.0019301646266123096,0.006454203593448621
2025-03-12,0.005742237164897026,0.002861868805058562,0.011556335617832541
2025-03-13,-0.006796472843582078,-0.005326118824640145,-0.006318244156218584
2025-03-14,0.002920132168645587,0.0007152073820678933,0.004919515358060911
2025-03-17,-0.0021738732202396323,-0.0008926204148284315,-0.0009446968230886017
2025-03-18,-0.005085613557111792,-0.0034381921895986992,-0.004521113501574379
2025-03-19,0.007459193901796464,0.0055420486357640065,0.006486537630904929
2025-03-20,-0.001775813302823561,-0.0013501277164541423,-0.002591549335473746
2025-03-21,0.005840382551649732,0.0051457403331421885,0.006465078059826116
2025-03-24,0.007061869478426345,0.004875751230474905,0.0062259371633944
2025-03-25,0.005955983050625544,0.005653550405968903,0.00675228935309954
2025-03-26,-0.00575121366149211,-0.001839991659637004,-0.00432945627811735
2025-03-27,-0.0009782958343731744,0.0018532901658754536,-0.00020654763412529656
2025-03-28,-0.002015555707468014,-0.00024529056950571185,-0.004597671888370545
2025-03-31,0.0011061255402149662,0.0037053101791916965,0.0007431140621212716
2025-04-01,0.0032317290680157367,0.001599572765161335,0.0036693086173281634
2025-04-02,0.0017802382320417066,-0.0002636456277988409,0.0012555871151706316
2025-04-03,0.0015993192348917138,0.009626205049734715,-0.004551951481189062
2025-04-04,-0.002270670241476074,-0.0006916678572357808,-0.003518259488959935
2025-04-07,0.0013555443450273578,-0.001514504902914857,0.005795618675871684
2025-04-08,0.00521285265414653,0.006061920921050857,0.000847592592300658
2025-04-09,-0.010543658196174583,-0.021048522079659012,-0.0034562101398526663
2025-04-10,0.008672848101908959,0.013128440855814718,-6.493868237999502e-05
2025-04-11,-0.0008575663883236154,-0.000911842832947402,-0.0006065590832105316
2025-04-14,-0.0002751031203760527,0.0006832448415668705,-0.0014644140611943977
2025-04-15,0.0039780172571399555,0.002832110835174366,0.0036840699242940964
2025-04-16,0.00015873072988471082,0.0028003339684191013,-4.6634291658769335e-05
2025-04-17,-0.0012434148529912052,0.00017532263564465825,0.0009580988199643287
2025-04-21,-0.002688999499872948,-0.0013343730915595367,-0.0006323564449430288
2025-04-22,0.0007878912004093472,-1.599697953980496e-05,0.0032110538889692634
2025-04-23,0.0007687155733779101,-0.001963708350494728,0.004830245876637308
2025-04-24,-0.0007363445517755737,-0.004168449158215409,0.001803790872944723
2025-04-25,0.001806586213915965,-0.0008161666298305088,0.0004230718290596857
2025-04-28,0.0033574511507698007,0.0037954029902603896,0.003308954984452879
2025-04-29,0.0037833625503627772,0.003766042868863191,0.0024610124976175477
2025-04-30,-0.0007586390572170163,0.0003563168080226751,-0.0017554421359503784
2025-05-01,0.004160586457904512,0.0023164775973872407,0.002726839943275503
2025-05-02,-0.0007320406184745941,-0.0017732679347863128,-0.0004566942355564835
2025-05-05,-0.0004711790433009975,0.00027213345275554413,-0.0006727577665135926
2025-05-06,0.0034057163400232314,0.004210469645816962,0.003402254680794552
2025-05-07,-0.002808508084324253,-0.002578720780860235,-0.0028894127845724353
2025-05-08,-0.004331325496437101,-0.004735452226265318,-0.002779680936301422
2025-05-09,-0.00012939174320675595,5.247659018673765e-07,0.00011479503987211844
2025-05-12,-0.012461657178706606,-0.01554297949942755,-0.013812535243100615
2025-05-13,-0.0023666410760826125,-0.00293200352437414,-0.00344078307556056
2025-05-14,0.0030282387032011904,0.0026302375634604286,0.004339002289424546
2025-05-15,0.0031019506588042516,0.004926051327807717,0.0037325711762708205
2025-05-16,0.0012076891666130106,0.0010114576495303567,0.0013609720815181826
2025-05-19,0.0038179433705291424,0.003872093202692902,0.003513202248425679
2025-05-20,-0.0008400076499121276,-0.0009733255888803898,-0.0007530705531545831
2025-05-21,0.002868693657688175,0.003248866707382889,0.0037684934972881685
2025-05-22,0.0010798523169725106,0.00023880234975651084,0.0003533635706137475
2025-05-23,0.004410491945001603,0.004314536159666585,0.004021222033110941
2025-05-27,-0.0025479888270443112,-0.0038124061483252353,-0.001774618852126194
2025-05-28,0.0009802559325623307,0.0005304184149761711,0.0008805730572220582
2025-05-29,-0.0015147175225948156,-0.0015309549302330214,-0.0014082137028269945
2025-05-30,0.00914302327229692,0.009535476598429377,0.007221229720745755
2025-06-02,0.00012357407730792327,8.893514950173741e-05,0.0005285525073491473
2025-06-03,-0.004759214095002982,-0.005389925249138262,-0.004679980173138096
2025-06-04,-0.002280326787126846,-0.002449019229938065,-0.0026871321424987707
2025-06-05,-0.000796993595832768,0.001215631305182124,-0.0010413887580616908
2025-06-06,-0.003827858419159329,-0.004093903072834541,-0.0031595177119818035
2025-06-09,-0.00821216192106205,-0.008728627368622113,-0.00593455660718202
2025-06-10,-0.01024773420716452,-0.010429847182743366,-0.007030217899339029
2025-06-11,0.0038254483134021705,0.0028215643361665607,0.002474675888946986
2025-06-12,-0.0028995281077579364,-0.003066780340713392,-0.006065696357882112
2025-06-13,-3.7837644821100754e-05,-0.0002740922730065284,-0.0008780848128333701
2025-06-16,0.0010152072799087088,0.0003010779490330646,0.0040626345666000254
2025-06-17,0.0028387322504921037,0.00326916191985494,0.003760467561270872
2025-06-18,0.0001317310742692755,-0.0007290910081168133,0.00015875841525844997
2025-06-20,0.0010592828430205927,0.0015606783749971009,0.0008286261198440728
2025-06-23,0.005180750178224679,0.0044935999055979664,0.004459980076880907
2025-06-24,-0.0006773564289410259,-0.000981660175796602,0.0015558653702245147
2025-06-25,-0.0018750612976110074,-0.0026964687378220804,-0.001723457046395799
2025-06-26,0.0012787201193121686,0.00032032697888901,0.00030017489175597777
2025-06-27,0.0008060325556055396,0.0013587486317297635,4.945677893615422e-05
2025-06-30,0.004346491440104333,0.004450199940484822,0.0029810064566688
2025-07-01,-0.01402824376557026,-0.012275053070229464,-0.012985065914319784
2025-07-02,0.00028714200066499524,-0.0019863369220236202,-0.0014905820792387651
2025-07-03,0.0047180574797107,0.004139843729376706,0.002907639065812535
2025-07-07,0.002403973172324247,0.003115608410607528,0.0025357314432254874
2025-07-08,-0.008271825081628534,-0.008961574551810689,-0.005895954049188302
2025-07-09,0.002465890805950884,0.002035046299489468,0.0022434761107725182
2025-07-10,-0.003734279574001021,-0.0044625626416136,-0.0031466125226726187
2025-07-11,-0.0011012580130374569,-0.0019904406281659576,0.00023113135754563463
2025-07-14,0.004126539978868059,0.005314226350108093,0.0022246913443429526
2025-07-15,0.004230683166623566,0.002758371415505341,0.005235454922315511
2025-07-16,-0.0017458536841286813,-0.0015186421583527157,-0.0017320676679134293
2025-07-17,0.0027458129785225822,0.001999916363866359,-0.002784104010137046
2025-07-18,0.00508256785363183,0.004587045477012093,0.0017065584877729734
2025-07-21,0.0009880183229095613,0.0015206958447384763,0.0011662098211035457
2025-07-22,-0.008505466842235689,-0.00692981475684687,-0.01088045445243527
2025-07-23,-0.0019287883220805277,-0.0016972205491715903,-0.0025967683723080283
2025-07-24,0.0011612698309619327,0.001211795484658547,0.002678294178560191
2025-07-25,0.0009992668992335704,0.0019725817348609236,-0.0003715543253555525
2025-07-28,0.0014822120071536743,4.398157056722774e-05,0.0011935382490199948
2025-07-29,0.0016739371615959544,0.0018724222492558157,0.0037091273746772393
2025-07-30,0.005792557794966281,0.005687945984914117,0.006729896466314058
2025-07-31,0.00606841747427535,0.007880188207303193,0.0028102581955922095
2025-08-01,-0.0057046553906734,-0.004951532420404111,-0.0014874941628405308
2025-08-04,0.004414163039031392,0.0034671832863641455,0.003863544753303874
2025-08-05,-0.0032337757012268586,-0.0034244825987974317,-0.005690131566024189
2025-08-06,0.00596694317296672,0.005752690850161203,0.0006657411497296604
2025-08-07,-0.0006705116788486202,-0.0013879594555671515,0.001691892615547485
2025-08-08,0.003323725733472318,0.002694322384035908,0.001358119597336946
2025-08-11,0.0019291920065165702,0.000859155055452521,0.0016313157585891823
2025-08-12,0.0033105788315922857,0.001482186576230173,0.00277668798310242
2025-08-13,-0.012104977699979069,-0.012499478591661142,-0.009540555083902738
2025-08-14,0.0023112440032049494,0.0019976581456087397,0.0018228584615302774
2025-08-15,-0.012702189478707064,-0.011542837799121486,-0.011285163838683563
2025-08-18,0.001701448140137477,0.001723737458729493,-0.0007095991791755808
2025-08-19,-0.009307653828938233,-0.008427660661514253,-0.00722187779678607
2025-08-20,-0.0011751230971808423,0.0007026355651775449,0.000138413830105566
2025-08-21,-0.0010918323853946598,-0.0009207958949200765,0.00045329317614305285
2025-08-22,0.0009147733274310638,-0.0007675915526033574,-0.005161421098768453
2025-08-25,0.004921338987135018,0.004470460666293056,0.0018621322213093834
2025-08-26,0.004809509675017925,0.004408598257183573,0.004574893696119871
2025-08-27,0.00041170972077967397,0.00018382646508755728,-0.0007836552220129924
2025-08-28,0.004025252010459455,0.0032381387706269674,0.002477843808801875
2025-08-29,-0.008617158059445296,-0.006179772342895913,-0.009190679699011342
2025-09-02,-0.0014524665373311459,-0.0012007355064673297,-0.0015826224985646166
2025-09-03,0.00357385740293032,0.0034484318675917047,0.0008272402506184658
2025-09-04,0.005795974096773918,0.0053316310760386475,0.004007133683619648
2025-09-05,-0.002652564953932642,-0.004738083278578541,-0.0026684471563296792
2025-09-08,0.004470656449185162,0.004093369401522199,0.0017485159236582891
2025-09-09,0.0019275738273552112,0.0013839695540949948,0.001095929850513244
2025-09-10,0.011255778494144057,0.007666882894274999,0.016988944932479544
2025-09-11,-0.0019644017497756567,-0.0023217917020316205,-0.0032165443814004472
2025-09-12,0.004803046227616358,0.0037682309564901614,0.0035100527299089432
2025-09-15,0.005563637921082586,0.003930416871653411,0.005855141810026768
2025-09-16,-0.0007919760690010817,-0.0016161184824007111,-0.0009955949825782033
2025-09-17,-0.000709947671783418,0.0005397264201404223,-0.0014812652705845013
2025-09-18,0.0008252308206142671,-0.0017336142361791193,0.00413530742747209
2025-09-19,0.002741440743430809,0.0029572489752838055,0.002194704276200682
2025-09-22,0.000545820294224314,-0.0009463189028094143,0.000379775734779251
2025-09-23,-0.0004947503284859088,6.047766553747859e-05,0.0008684499135484472
2025-09-24,-0.0016034239698008096,-0.0018201429625638121,-0.0012441091159634378
2025-09-25,0.004194578852708619,0.0047704155369084735,0.0025604259229198905
2025-09-26,-0.0018604909815841109,-0.0019094221321277124,-0.0007758109132661234
2025-09-29,-0.0006572129331155981,-0.00091022918598138,-0.0008727622824173842
2025-09-30,-0.004702260820618142,-0.004565439841162553,-0.003261904568764639
2025-10-01,-0.009634757907932804,-0.013251590907920026,-0.004845845596796806
2025-10-02,-0.0012681000323749522,-0.002267788933090956,0.00119314598617212
2025-10-03,-0.003831296934167261,-0.0025845622725265216,-0.005643977914151458
2025-10-06,0.005245624730232896,0.0017242527383270242,0.010739102785826776
2025-10-07,-0.0014937325975850364,0.00034048489787700755,-0.004583454201588817
2025-10-08,0.002959009906862486,-5.689664085993921e-05,0.005879208489467801
2025-10-09,0.0002797276764582473,-0.00016441639011079013,0.00043651970419170225
2025-10-10,-0.004562392186476615,-0.0010714176732531263,-0.008357853389408233
2025-10-13,0.00740568710784419,0.00461508700607469,0.012686999483443042
2025-10-14,-0.0007603151710911362,0.0009138077768139534,-0.00258924496232879
2025-10-15,0.007342384314853714,0.005378983731778898,0.010132466244079623
2025-10-16,-0.0007513049419200655,-0.0015265139102543911,-0.0014511214626707672
2025-10-17,-0.0021124698499929186,-0.0014937681053934489,-0.0032806740619468126
2025-10-20,0.00070223952849786,-0.0001497578325427243,0.0016070581551914994
2025-10-21,-0.006603739225163882,-0.006229691415715839,-0.00588750554706789
2025-10-22,-0.006875920015891921,-0.005653682747798783,-0.008633953420165371
2025-10-23,0.004192200585906825,0.001968814319493972,0.006746796875538831
2025-10-24,0.008310923440617344,0.007104146461148158,0.007360688001508424
2025-10-27,0.0053049814612144966,0.003678614840081225,0.005855293287412787
2025-10-28,0.0010580284584237596,0.00032705649832004326,0.0018929194235088466
2025-10-29,0.009166394295477295,0.00791096179770661,0.00982712421937026
2025-10-30,-0.004724736023934805,-0.003071791016364263,-0.0035742418471887446
2025-10-31,-0.0002458803918864341,-0.001347797007938945,0.00016127946377954326
2025-11-03,0.0043673673872905334,0.0033828067555800104,0.0035986862938206837
2025-11-04,-0.008128323401010624,-0.005769477660165886,-0.012456504910811402
2025-11-05,0.006880796633030677,0.005341732912989777,0.006890237575353869
2025-11-06,3.4339695186605436e-05,0.0017847072011059589,-0.0030614375006845916
2025-11-07,-0.006422816222015472,-0.0054332531931387375,-0.007799361170306301
2025-11-10,0.009322177904409298,0.007871045303200761,0.010502045240930428
2025-11-11,-0.009667354216916692,-0.008179296665786128,-0.010278764710826302
2025-11-12,0.0006204974250648209,0.0008073235306859631,-5.183022577390681e-05
2025-11-13,-0.010243481678608508,-0.008114103799737806,-0.013602442598087239
2025-11-14,0.002879160641083084,0.002494670889124171,0.001939437054471674
2025-11-17,0.0011180015243989518,0.0016555617278294183,-0.002044961243899593
2025-11-18,-0.00232141118035187,-0.00139762822804693,-0.004239431860181618
2025-11-19,0.0075620089751090025,0.0062840633039798486,0.008619040054576695
2025-11-20,-0.012542865383968036,-0.010062456279351576,-0.01570761912777392
2025-11-21,-0.007664699962817884,-0.0070878908077484214,-0.0059469583758305
2025-11-24,0.01475824113328137,0.011725864763830125,0.01631218152356787
2025-11-25,-0.004912476495372206,-0.005118332686845268,-0.0030395924348566826
2025-11-26,0.006348518467811293,0.005487975646858384,0.006140644573335115
2025-11-28,0.003522338098471397,0.0031564084030346914,0.004316367641082713
2025-12-01,-0.00280729722995882,-0.0033700097049266463,-0.0008939400931711675
2025-12-02,0.0028620884949597304,0.0014033103642106344,0.0029797232158288913
2025-12-03,-0.0026268665382647746,-0.0034651908728295165,4.41955996406959e-05
2025-12-04,0.0011218256263711578,0.0009437327095423235,0.000755600871142
2025-12-05,-0.00025534847245680927,-0.0008645915474963417,0.001358489991529606
2025-12-08,0.005409741721047982,0.0056077734121863084,0.005967171323635338
2025-12-09,0.0011594698093204668,0.0008277990492886743,0.0010506339378816604
2025-12-10,-0.0008422914117537446,-0.0011638350372434577,0.00571296903665073
2025-12-11,-0.007606044916868384,-0.005889793762130241,-0.008671801771788392
2025-12-12,-0.010775772772598129,-0.008392010586629675,-0.012656250792710431
2025-12-15,0.00024229699057079528,0.0005845525034573885,0.002492456405510361
2025-12-16,0.00036388653158779267,-0.0009320693797764234,-0.0024253306917159205
2025-12-17,-0.010500985382251303,-0.007785959606488396,-0.01152948078727648
2025-12-18,0.007482072753819445,0.006254861208626613,0.008341318162256146
2025-12-19,0.011994826935112838,0.009837637189304527,0.010932613064865303
2025-12-22,0.003554845714426326,0.0030484351504287124,0.0038247712740486772
2025-12-23,0.00243146722409197,0.002116062951696054,0.0024311981725932985
2025-12-24,0.0006576030114423171,0.0007564597790272837,0.0008694012823622411
2025-12-26,-0.0016403529653560732,-0.0016891533555107635,-0.0009940143517632105
2025-12-29,-0.0018044197581470797,-0.0013377319239592266,-0.0017527031766818326
2025-12-30,-0.0019143724347961,-0.0018751515903060137,-0.0012306387755929712
2025-12-31,-0.0019388224085399078,-0.001615072252536094,-0.0012083462159164383
2026-01-02,0.013182888126170491,0.012675290163013888,0.016340897522669855
2026-01-05,-0.0023730439749697317,-0.002635894079724548,0.0002857601931864847
2026-01-06,-0.0006699712275605072,-0.0015894070488834846,0.001099802454263332
2026-01-07,0.0012589673820117366,0.0006870442233451492,0.0013825215030510243
2026-01-08,-0.009791322450870022,-0.008637872276237796,-0.009472655562161997
2026-01-09,0.008996944227612902,0.007902433459908226,0.008766469413627253
2026-01-12,0.004017960609776305,0.00421918775938223,0.002362824346512175
2026-01-13,0.007495959748599357,0.007753345945299418,0.00699042904885493
2026-01-14,-0.004517514390251525,-0.0037811543148757155,-0.0029337062817313057
2026-01-15,0.006058432322857506,0.0066133672620162474,0.006817088919082182
2026-01-16,0.007603276654933749,0.007295820686542075,0.004721667106725547
2026-01-20,-0.0052077041720291215,-0.00440793808518341,-0.0036870005153373363
2026-01-21,0.004945246270913159,0.002828241833862674,0.008248307059323855
2026-01-22,-0.0017264990203649058,-0.002378241596874432,-0.002256410341707791
2026-01-23,-0.006274233147715965,-0.00485751882431491,-0.007743808608213466
2026-01-26,-0.0014460430072466518,-0.000878786080448247,-0.0024408822488616597
2026-01-27,0.014516521323515323,0.014236948793457504,0.011589771973133874
2026-01-28,0.002655237045614138,0.002408294075339226,0.0011937449906490342
2026-01-29,0.004873530800986257,0.004909068945188898,0.005219120712629736
2026-01-30,-0.011461102615044247,-0.009764088559675742,-0.008976085563835248
2026-02-02,0.0043876811966307985,0.004538183351858398,0.006952964019861037
2026-02-03,-0.0005013304967599249,0.0006767029902281237,0.004902107258635728
2026-02-04,-0.014404222524430174,-0.013115533744991019,-0.010849227984270671
2026-02-05,-0.0016211893472397468,-0.000946045535766691,0.0014968726321377597
2026-02-06,0.014853201077822151,0.013692842169409166,0.013301342784409826
2026-02-09,0.005612478913141973,0.004314375404998464,-0.0003206450638418139
2026-02-10,-0.00664405312428911,-0.007107837140341115,-0.007143354510983448
2026-02-11,0.0010904419979981435,0.00010802011871001683,0.0052580901937567546
2026-02-12,-0.008309319627115206,-0.007373242031578365,-0.003001183136272423
2026-02-13,-0.0011576921731345307,-0.0015582198893100692,0.000641303825645246
2026-02-17,0.002566818042946555,0.003118167632494997,0.0010560558681767531
2026-02-18,0.003377852656173282,0.0038684070597881826,0.00206226412856951
2026-02-19,0.0003932079252839066,0.00028431830826180517,0.002536561082698255
2026-02-20,0.0017119821779823321,0.002526023477047291,0.0017012919245249316
2026-02-23,-0.0016376630157327356,-0.001087737989512424,0.005633692685587685
2026-02-24,0.002308703449524499,0.0013834295814513348,-0.0026483072839420915
2026-02-25,0.001753645596057138,0.0012405187647837141,-0.0009523754094959061
2026-02-26,-0.012664906096014623,-0.011781170232158012,-0.0128838588103972
2026-02-27,-0.010210218611606573,-0.010035958721471096,-0.0035887141003775
2026-03-02,0.004796271923966532,0.004901525417396545,-0.0002713885637840999
2026-03-03,-0.011504444144903524,-0.010765688834038934,-0.012222027928895901
2026-03-04,0.006792938620225689,0.0053016444103681035,0.0048757698550870344
2026-03-05,-0.009323213049006102,-0.010106435940717683,-0.012827694174261673
2026-03-06,-0.010228660197364264,-0.00948870644798315,-0.00834658572135845
2026-03-09,0.011990187763679059,0.010179021725081314,0.010256464036563802
2026-03-10,0.00867901698783994,0.008580731973593797,0.009179032861586658
2026-03-11,0.005722118719716316,0.004090486571969789,0.005161175533711806
2026-03-12,-0.008228162340157448,-0.006073718271097799,-0.0050377342691601545
2026-03-13,0.0006491084537846277,0.0013043500465186202,0.0023694209120758082
2026-03-16,0.0007265284486187562,0.0002460705144821021,-0.0012815695206071485
2026-03-17,-0.00043110309078631646,-1.7785997370344306e-07,-0.0014762694478225504
2026-03-18,0.0048903972951531574,0.004665142482360609,0.0038542837261652473
2026-03-19,0.0010069498501495148,0.000618836500879205,0.0006840396489712602
2026-03-20,-0.004265850680150715,-0.002889041352499181,-0.0019907102753555193
2026-03-23,0.004105987587107762,0.0034024037849012373,0.0009884235630873816
2026-03-24,0.01093677963411003,0.011544390711934527,0.01228799180974054
2026-03-25,0.004053763843976349,0.0033221685202695123,0.0041368973004840435
2026-03-26,-0.015639423483003175,-0.013199454990774045,-0.010963616122097439
2026-03-27,0.004621312776996161,0.006173786499340742,0.00596445892242097
2026-03-30,-0.014017242649304217,-0.012378642174662871,-0.011621245296686032
2026-03-31,0.012008800265742714,0.008723657841582912,0.005282411561117729
2026-04-01,0.012288662537649795,0.010095879343129934,0.012653083378613457
2026-04-02,-0.0027422594572417613,-0.0022363724033231335,-0.003269781069115302
2026-04-06,0.0024355058612045796,0.0023175391362941417,0.0011280183352072178
2026-04-07,0.0023087417229766664,0.001403985067537712,0.0023043894834732298
2026-04-08,0.01510034087800276,0.012935325441424245,0.011113427569631237
2026-04-09,0.011998416681225891,0.011131524142183827,0.010644114642193751
2026-04-10,0.009117670742996282,0.007885834004513068,0.005756655650276937
2026-04-13,-0.008871588129523373,-0.011027424323110584,-0.013030912585503585
2026-04-14,0.004230627950502059,0.0028124794118718323,-0.0007122794861630476
2026-04-15,-0.007716722014274438,-0.008870229868555077,-0.010937012467510852
2026-04-16,-6.65147068788874e-05,-0.0009212332974048585,0.0005081397547875878
2026-04-17,0.000763746548046501,0.00013933656014808695,0.0002631514809099207
2026-04-20,-0.0024608344978673414,-0.002086275907209203,-0.00274452795791456
2026-04-21,-0.00014826182700404135,-0.0007234075604907437,-0.0013731017915611056
2026-04-22,0.0012681532349495825,0.00013076823565454996,-0.00020985054020124577
2026-04-23,0.010476889881848837,0.010993257846346069,0.017667736934706423
2026-04-24,0.0052742162004000125,0.0029044808083875206,0.0011551602717354119
2026-04-27,-0.00122947551122664,-0.0011742439252814647,-0.002936926613910061
2026-04-28,-0.005131184156591825,-0.003310661383055218,-0.0030122505650794955
2026-04-29,0.0011628766566081443,0.0001588783286109813,0.002262209868427744
2026-04-30,0.012116499131179737,0.011554858618981343,0.010736521440094975
2026-05-01,0.00029993768073355054,-0.0003685893257519405,-0.002518460160215232
2026-05-04,0.00020592701775286803,0.0004216715141024376,-0.0007074381598375748
2026-05-05,0.0114324799995177,0.010387323666536602,0.009269381792544653
2026-05-06,0.010308422228894566,0.007510671527622907,0.00679865843574622
2026-05-07,-0.01499966884063472,-0.014361676179233876,-0.01565109818559759
2026-05-08,0.01524605054619599,0.01277466322647333,0.011675304134797311
2026-05-11,0.009786700026073413,0.008846146113377078,0.008514325308216811
2026-05-12,-0.0023751538610913155,-0.0017684883569071975,-0.00041926421525712444
2026-05-13,0.008300922498494888,0.007763887482036666,0.006784768067713085
2026-05-14,0.0009518429616755812,0.00036790548401230514,-0.0010581534569717005
2026-05-15,-0.013404522408440152,-0.01182344630487819,-0.010533383579841994
2026-05-18,-0.016123298476111075,-0.014769705906345002,-0.013587293607114826
2026-05-19,0.0008425034950962409,0.0012137145962916986,0.002395824950594019
2026-05-20,0.008219263861976722,0.0066759811878109865,0.00425739101801556
2026-05-21,0.004723197390240416,0.005001236947403805,0.0030674412792191454
2026-05-22,-0.0005378417894727238,-0.0008484851323892112,-0.0014996933872643268
2026-05-26,0.01399624639647503,0.012603653848357379,0.012685914693915293
2026-05-27,0.0009078355576740781,0.0004993032622079098,0.0010640468394937494
2026-05-28,-0.004704347284462592,-0.005516089063491031,-0.00803076430138823
2026-05-29,-0.012480141588365785,-0.012473385538017573,-0.015382150054427323
2026-06-01,-0.010853666897792767,-0.010266737462149803,-0.009551664407635276
2026-06-02,0.019142012497718085,0.017985810295447824,0.01846243428195614
2026-06-03,0.013528689988729869,0.012884972832095259,0.013784912931222457
2026-06-04,-0.004322113398642484,-0.003928382894434204,-0.005552291754819722
2026-06-05,-0.01697961979674439,-0.013955933885470569,-0.010199251286597766
2026-06-08,0.014183011690001792,0.012545206175828136,0.012738010326158958
2026-06-09,-0.0025998267927562872,-0.0015886699961795456,-0.001485784309391229
2026-06-10,-0.003991219024231606,-0.001501436797936746,-0.0007654816995229618
2026-06-11,0.023846217498752487,0.021292358874833165,0.022173521900574908
2026-06-12,0.006077059790352938,0.005441048589649354,0.006783086579240873
2026-06-15,0.005381148188437503,0.0033466091909738014,0.0031841213592724215
2026-06-16,-0.010092023357491616,-0.008810838196160166,-0.010437570345861546
2026-06-17,0.013837331559119174,0.012684700258686612,0.012061660177971655
2026-06-18,0.014941422413250562,0.012000855606270637,0.015009325284983586
2026-06-22,0.014135084543244431,0.014267767914960799,0.01310057883132236
2026-06-23,-0.018511070743427047,-0.015619071970881604,-0.01941625938772441
2026-06-24,-0.004340994651105809,-0.004260081463822545,-0.0048798166711684545
2026-06-25,0.017264849105199705,0.015606437235732205,0.017215431970848485
2026-06-26,-0.020966885455415685,-0.019756163191452604,-0.023876031425072306
2026-06-29,0.011858583011530444,0.010091058493224668,0.011589395028447544
2026-06-30,0.011140800742190291,0.009909846202789941,0.011405984363672524
2026-07-01,-0.02301358281398916,-0.021777976428143612,-0.02300725917168265
2026-07-02,-0.02220201963265468,-0.019643862559778107,-0.02267347030691091
